Subj	ROI	Y
01	lh_G_Ins_lg_and_S_cent_ins	0.0296327334978645
01	lh_G_and_S_cingul-Ant	0.0653545399163784
01	lh_G_and_S_cingul-Mid-Ant	0.0640867353430341
01	lh_G_and_S_cingul-Mid-Post	0.0701442987771683
01	lh_G_and_S_frontomargin	0.00463306079789927
01	lh_G_and_S_occipital_inf	0.0435348962670234
01	lh_G_and_S_paracentral	0.0405737317348374
01	lh_G_and_S_subcentral	0.00546078637525937
01	lh_G_and_S_transv_frontopol	0.0765792557847966
01	lh_G_cingul-Post-dorsal	0.0176237885464872
01	lh_G_cingul-Post-ventral	-0.0368091355553926
01	lh_G_cuneus	0.0593304831730928
01	lh_G_front_inf-Opercular	-0.0146524308193401
01	lh_G_front_inf-Orbital	0.0294989904732006
01	lh_G_front_inf-Triangul	0.00364677110082301
01	lh_G_front_middle	0.0547122487576486
01	lh_G_front_sup	0.0612354274473592
01	lh_G_insular_short	0.0415765817353719
01	lh_G_oc-temp_lat-fusifor	-0.0256884795600572
01	lh_G_oc-temp_med-Lingual	0.0196270445835172
01	lh_G_oc-temp_med-Parahip	0.039344851932591
01	lh_G_occipital_middle	-0.0121668616053672
01	lh_G_occipital_sup	0.0265923037488118
01	lh_G_orbital	0.0456298552579941
01	lh_G_pariet_inf-Angular	-0.0287813450859957
01	lh_G_pariet_inf-Supramar	-0.00302651926956887
01	lh_G_parietal_sup	-0.00867808902892264
01	lh_G_postcentral	0.00480403550139386
01	lh_G_precentral	0.0384726313209924
01	lh_G_precuneus	-0.0213113143088419
01	lh_G_rectus	0.118202983326359
01	lh_G_subcallosal	0.0239591395104624
01	lh_G_temp_sup-G_T_transv	0.0016507533832435
01	lh_G_temp_sup-Lateral	0.0180225456250227
01	lh_G_temp_sup-Plan_polar	0.022141464692683
01	lh_G_temp_sup-Plan_tempo	-0.0304274345775717
01	lh_G_temporal_inf	0.00761217809467762
01	lh_G_temporal_middle	0.023457826676232
01	lh_Lat_Fis-ant-Horizont	0.0131038330863369
01	lh_Lat_Fis-ant-Vertical	-0.0242919140283542
01	lh_Lat_Fis-post	-0.0822637163062634
01	lh_Pole_occipital	0.00895893043677365
01	lh_Pole_temporal	-0.0307990901722492
01	lh_S_calcarine	0.0178802979175732
01	lh_S_central	0.0201480992971437
01	lh_S_cingul-Marginalis	0.0260132410833416
01	lh_S_circular_insula_ant	0.0348233569153349
01	lh_S_circular_insula_inf	0.0155908156459184
01	lh_S_circular_insula_sup	0.0135059478365172
01	lh_S_collat_transv_ant	0.0175548593665775
01	lh_S_collat_transv_post	0.0474683695908755
01	lh_S_front_inf	0.0571903397508811
01	lh_S_front_middle	0.0426474633701943
01	lh_S_front_sup	0.00389456415240463
01	lh_S_interm_prim-Jensen	-0.0167231632063309
01	lh_S_intrapariet_and_P_trans	-0.0272669960828908
01	lh_S_oc-temp_lat	-0.0324799110832341
01	lh_S_oc-temp_med_and_Lingual	-0.0138603659837315
01	lh_S_oc_middle_and_Lunatus	0.00397235297103027
01	lh_S_oc_sup_and_transversal	0.00447027834690328
01	lh_S_occipital_ant	-0.00399434105962548
01	lh_S_orbital-H_Shaped	0.0520639266162526
01	lh_S_orbital_lateral	-0.0139811013798949
01	lh_S_orbital_med-olfact	0.0494265498884614
01	lh_S_parieto_occipital	-0.00513508549178887
01	lh_S_pericallosal	0.0350047207552828
01	lh_S_postcentral	-0.0582264782576924
01	lh_S_precentral-inf-part	0.00956762373836284
01	lh_S_precentral-sup-part	0.0204552707591237
01	lh_S_suborbital	0.0700823953636238
01	lh_S_subparietal	0.0547198662631514
01	lh_S_temporal_inf	-0.0472447500603437
01	lh_S_temporal_sup	-0.0112615118188923
01	lh_S_temporal_transverse	0.00234631452512346
01	rh_G_Ins_lg_and_S_cent_ins	0.0261902290327836
01	rh_G_and_S_cingul-Ant	0.0658829569712598
01	rh_G_and_S_cingul-Mid-Ant	0.0268286914477036
01	rh_G_and_S_cingul-Mid-Post	0.0564816921023548
01	rh_G_and_S_frontomargin	0.0226193258875496
01	rh_G_and_S_occipital_inf	-0.0304594852298754
01	rh_G_and_S_paracentral	0.0555023181802952
01	rh_G_and_S_subcentral	0.0722072841085426
01	rh_G_and_S_transv_frontopol	0.0656278091562115
01	rh_G_cingul-Post-dorsal	0.047856081761041
01	rh_G_cingul-Post-ventral	0.017326723177673
01	rh_G_cuneus	-0.00320501071553725
01	rh_G_front_inf-Opercular	0.0392224419151761
01	rh_G_front_inf-Orbital	0.0294086266660019
01	rh_G_front_inf-Triangul	0.00725548634795103
01	rh_G_front_middle	0.0432670367504908
01	rh_G_front_sup	0.0890544704855101
01	rh_G_insular_short	0.0435120401298095
01	rh_G_oc-temp_lat-fusifor	-0.0256810356325099
01	rh_G_oc-temp_med-Lingual	0.0338191245208295
01	rh_G_oc-temp_med-Parahip	0.0328412295621865
01	rh_G_occipital_middle	0.0768392001759661
01	rh_G_occipital_sup	0.0175318447612787
01	rh_G_orbital	0.0429601886790474
01	rh_G_pariet_inf-Angular	0.0457421177509909
01	rh_G_pariet_inf-Supramar	-0.0298568265897687
01	rh_G_parietal_sup	0.0433270875352836
01	rh_G_postcentral	-0.0261651958229319
01	rh_G_precentral	0.0214686798210968
01	rh_G_precuneus	0.123032622821651
01	rh_G_rectus	0.154756910438356
01	rh_G_subcallosal	0.0626996239707465
01	rh_G_temp_sup-G_T_transv	0.1127314891745
01	rh_G_temp_sup-Lateral	-0.0379750867643942
01	rh_G_temp_sup-Plan_polar	0.0935592406845673
01	rh_G_temp_sup-Plan_tempo	0.0165427189492702
01	rh_G_temporal_inf	0.0284403636065615
01	rh_G_temporal_middle	-0.0156035240992276
01	rh_Lat_Fis-ant-Horizont	0.0140550248203235
01	rh_Lat_Fis-ant-Vertical	-0.0516454107601705
01	rh_Lat_Fis-post	0.0840025558991613
01	rh_Pole_occipital	0.0457440781588421
01	rh_Pole_temporal	-0.0369142132579912
01	rh_S_calcarine	0.00581160353703858
01	rh_S_central	0.0811915885060985
01	rh_S_cingul-Marginalis	0.0534207969603129
01	rh_S_circular_insula_ant	0.10517265122157
01	rh_S_circular_insula_inf	0.0951492287630398
01	rh_S_circular_insula_sup	0.0368944483819691
01	rh_S_collat_transv_ant	0.0999537488928093
01	rh_S_collat_transv_post	0.0038113579293606
01	rh_S_front_inf	0.0488904806102211
01	rh_S_front_middle	0.0213748094608555
01	rh_S_front_sup	0.0667186239244559
01	rh_S_interm_prim-Jensen	0.052501477789848
01	rh_S_intrapariet_and_P_trans	0.0334317858883031
01	rh_S_oc-temp_lat	0.0145822273683933
01	rh_S_oc-temp_med_and_Lingual	0.0538870382386731
01	rh_S_oc_middle_and_Lunatus	0.0107209036495659
01	rh_S_oc_sup_and_transversal	0.15040633938287
01	rh_S_occipital_ant	0.0129502965081603
01	rh_S_orbital-H_Shaped	0.0280162995754507
01	rh_S_orbital_lateral	0.100680997040228
01	rh_S_orbital_med-olfact	0.0232428732582504
01	rh_S_parieto_occipital	0.0273841901955283
01	rh_S_pericallosal	0.033910768709795
01	rh_S_postcentral	0.0127913505242176
01	rh_S_precentral-inf-part	0.0461450430676829
01	rh_S_precentral-sup-part	0.0598321197492089
01	rh_S_suborbital	0.012118946835141
01	rh_S_subparietal	0.0570156148460033
01	rh_S_temporal_inf	-0.0148263542887568
01	rh_S_temporal_sup	0.0214646024555885
01	rh_S_temporal_transverse	0.042636247906219
02	lh_G_Ins_lg_and_S_cent_ins	0.037063519099819
02	lh_G_and_S_cingul-Ant	0.0594356512589034
02	lh_G_and_S_cingul-Mid-Ant	0.128838840606946
02	lh_G_and_S_cingul-Mid-Post	0.0254220318777572
02	lh_G_and_S_frontomargin	0.00536691799513989
02	lh_G_and_S_occipital_inf	0.000667251346541775
02	lh_G_and_S_paracentral	0.11474394043741
02	lh_G_and_S_subcentral	0.0566132476552843
02	lh_G_and_S_transv_frontopol	0.0485407654362593
02	lh_G_cingul-Post-dorsal	-0.00515291643797422
02	lh_G_cingul-Post-ventral	4.77868068893272e-05
02	lh_G_cuneus	0.0232327156497387
02	lh_G_front_inf-Opercular	-0.0433919082678695
02	lh_G_front_inf-Orbital	0.0142539435931024
02	lh_G_front_inf-Triangul	0.0476721881680806
02	lh_G_front_middle	0.0488886693895481
02	lh_G_front_sup	0.0800283891530009
02	lh_G_insular_short	0.0428238004569748
02	lh_G_oc-temp_lat-fusifor	0.0158053310466917
02	lh_G_oc-temp_med-Lingual	0.0380763978371199
02	lh_G_oc-temp_med-Parahip	-0.0643516882558366
02	lh_G_occipital_middle	0.0163806988312656
02	lh_G_occipital_sup	0.0448244411575995
02	lh_G_orbital	0.114856552155661
02	lh_G_pariet_inf-Angular	-0.00650086920463888
02	lh_G_pariet_inf-Supramar	0.0561277659796717
02	lh_G_parietal_sup	0.077768311850904
02	lh_G_postcentral	0.13224920370067
02	lh_G_precentral	0.0675019942891408
02	lh_G_precuneus	0.0277914127868337
02	lh_G_rectus	-0.0125720826050406
02	lh_G_subcallosal	-0.0498503262996408
02	lh_G_temp_sup-G_T_transv	0.0442242061211049
02	lh_G_temp_sup-Lateral	-0.0326935188805058
02	lh_G_temp_sup-Plan_polar	-0.0171666208046197
02	lh_G_temp_sup-Plan_tempo	0.0443728064447555
02	lh_G_temporal_inf	-0.00710619854157901
02	lh_G_temporal_middle	-0.0288168538741731
02	lh_Lat_Fis-ant-Horizont	0.0713111084128712
02	lh_Lat_Fis-ant-Vertical	0.0358741803202918
02	lh_Lat_Fis-post	0.0497984900261974
02	lh_Pole_occipital	0.0307158410615651
02	lh_Pole_temporal	-0.0326090937393335
02	lh_S_calcarine	0.00387280121005773
02	lh_S_central	0.0946880817470888
02	lh_S_cingul-Marginalis	0.0771479313210657
02	lh_S_circular_insula_ant	-0.00245975385383002
02	lh_S_circular_insula_inf	0.00288545384889005
02	lh_S_circular_insula_sup	0.0502933848965066
02	lh_S_collat_transv_ant	-0.0459700769296951
02	lh_S_collat_transv_post	-0.00845200114345612
02	lh_S_front_inf	0.0770477526998707
02	lh_S_front_middle	0.00450335475184538
02	lh_S_front_sup	0.0153082083801364
02	lh_S_interm_prim-Jensen	0.0400024098752523
02	lh_S_intrapariet_and_P_trans	0.0714943259940899
02	lh_S_oc-temp_lat	0.0165955370189703
02	lh_S_oc-temp_med_and_Lingual	0.0380608807830107
02	lh_S_oc_middle_and_Lunatus	-0.0244995491938083
02	lh_S_oc_sup_and_transversal	0.0309025581863445
02	lh_S_occipital_ant	0.015367711094088
02	lh_S_orbital-H_Shaped	0.123605956079465
02	lh_S_orbital_lateral	-0.0366524865335451
02	lh_S_orbital_med-olfact	0.122973393541027
02	lh_S_parieto_occipital	0.00525328354843513
02	lh_S_pericallosal	0.00615463109989101
02	lh_S_postcentral	0.118343085075137
02	lh_S_precentral-inf-part	0.0835096873290473
02	lh_S_precentral-sup-part	0.19616610386506
02	lh_S_suborbital	-0.0133875408299335
02	lh_S_subparietal	0.0328073395183264
02	lh_S_temporal_inf	0.0115746944678179
02	lh_S_temporal_sup	-0.00627072679128204
02	lh_S_temporal_transverse	0.040394934270668
02	rh_G_Ins_lg_and_S_cent_ins	-0.0102478866429863
02	rh_G_and_S_cingul-Ant	0.0318341014745576
02	rh_G_and_S_cingul-Mid-Ant	0.0525116140850335
02	rh_G_and_S_cingul-Mid-Post	-0.0243221563409319
02	rh_G_and_S_frontomargin	-0.0617597611472647
02	rh_G_and_S_occipital_inf	-0.0656491574627527
02	rh_G_and_S_paracentral	0.0801162412926777
02	rh_G_and_S_subcentral	0.057641383257458
02	rh_G_and_S_transv_frontopol	-0.0302530616707877
02	rh_G_cingul-Post-dorsal	0.0118941601207059
02	rh_G_cingul-Post-ventral	0.0280062249260888
02	rh_G_cuneus	-0.0101639652164272
02	rh_G_front_inf-Opercular	-0.0395108826095365
02	rh_G_front_inf-Orbital	0.0310747064680958
02	rh_G_front_inf-Triangul	-0.0310642743449483
02	rh_G_front_middle	0.0389293350375715
02	rh_G_front_sup	0.0170614364345809
02	rh_G_insular_short	0.0359236074745972
02	rh_G_oc-temp_lat-fusifor	-0.06259046980077
02	rh_G_oc-temp_med-Lingual	-0.0033156634978182
02	rh_G_oc-temp_med-Parahip	-0.0429048314598361
02	rh_G_occipital_middle	0.0257319170106118
02	rh_G_occipital_sup	0.0202434763182948
02	rh_G_orbital	0.0930813382980995
02	rh_G_pariet_inf-Angular	0.0225868610795787
02	rh_G_pariet_inf-Supramar	0.0372551371690406
02	rh_G_parietal_sup	0.102323135471663
02	rh_G_postcentral	0.150787660692939
02	rh_G_precentral	0.0977124476765452
02	rh_G_precuneus	-0.00507808577140612
02	rh_G_rectus	0.0436163387127975
02	rh_G_subcallosal	-0.035397792364833
02	rh_G_temp_sup-G_T_transv	0.03313423883196
02	rh_G_temp_sup-Lateral	-0.0222219457723281
02	rh_G_temp_sup-Plan_polar	-0.0201410105292208
02	rh_G_temp_sup-Plan_tempo	0.106998114065126
02	rh_G_temporal_inf	0.0139582410095276
02	rh_G_temporal_middle	0.0230158322998326
02	rh_Lat_Fis-ant-Horizont	-0.032224042918017
02	rh_Lat_Fis-ant-Vertical	0.0197220460455965
02	rh_Lat_Fis-post	-0.012880140005719
02	rh_Pole_occipital	-0.00407236105705078
02	rh_Pole_temporal	-0.0449629200401747
02	rh_S_calcarine	0.023226854362342
02	rh_S_central	0.0655776510205097
02	rh_S_cingul-Marginalis	0.0519032618507671
02	rh_S_circular_insula_ant	0.0411471989246319
02	rh_S_circular_insula_inf	-0.00653183042467465
02	rh_S_circular_insula_sup	-0.00697820622124024
02	rh_S_collat_transv_ant	-0.0366746267523554
02	rh_S_collat_transv_post	0.0467469130926492
02	rh_S_front_inf	0.103065960569583
02	rh_S_front_middle	0.00725539198070813
02	rh_S_front_sup	0.0317892870276069
02	rh_S_interm_prim-Jensen	0.0611660252276183
02	rh_S_intrapariet_and_P_trans	0.0298596152133372
02	rh_S_oc-temp_lat	-0.016396327417862
02	rh_S_oc-temp_med_and_Lingual	0.00423929353768671
02	rh_S_oc_middle_and_Lunatus	-0.00252052489175103
02	rh_S_oc_sup_and_transversal	-0.0213148213416412
02	rh_S_occipital_ant	-0.0473166192491377
02	rh_S_orbital-H_Shaped	0.0498892355353355
02	rh_S_orbital_lateral	0.0250903574908605
02	rh_S_orbital_med-olfact	0.139867326522069
02	rh_S_parieto_occipital	-0.0213912371147309
02	rh_S_pericallosal	0.0113794693200067
02	rh_S_postcentral	0.0152087325139103
02	rh_S_precentral-inf-part	0.104160212446688
02	rh_S_precentral-sup-part	0.043282293661429
02	rh_S_suborbital	-0.037169277373108
02	rh_S_subparietal	-0.00876920133828829
02	rh_S_temporal_inf	-0.0113381726657229
02	rh_S_temporal_sup	0.0412393987581687
02	rh_S_temporal_transverse	0.046016206922328
03	lh_G_Ins_lg_and_S_cent_ins	-0.00423094597030627
03	lh_G_and_S_cingul-Ant	0.0032594008552147
03	lh_G_and_S_cingul-Mid-Ant	-0.00390864309313699
03	lh_G_and_S_cingul-Mid-Post	-0.00905588850328076
03	lh_G_and_S_frontomargin	0.00505834686006779
03	lh_G_and_S_occipital_inf	0.00877678589556297
03	lh_G_and_S_paracentral	0.0306011310027463
03	lh_G_and_S_subcentral	-0.0433240147627574
03	lh_G_and_S_transv_frontopol	-0.0071338336739899
03	lh_G_cingul-Post-dorsal	0.00446182387669047
03	lh_G_cingul-Post-ventral	-0.0262505226747773
03	lh_G_cuneus	-0.0976887723819049
03	lh_G_front_inf-Opercular	-0.00293315809395356
03	lh_G_front_inf-Orbital	-0.0029567034033704
03	lh_G_front_inf-Triangul	0.01646244649866
03	lh_G_front_middle	0.00708854378357326
03	lh_G_front_sup	-0.0204568492333257
03	lh_G_insular_short	-0.0580848563587288
03	lh_G_oc-temp_lat-fusifor	0.0313541792242908
03	lh_G_oc-temp_med-Lingual	-0.0245754266405438
03	lh_G_oc-temp_med-Parahip	-0.0572031181431489
03	lh_G_occipital_middle	-0.0356434853524936
03	lh_G_occipital_sup	-0.0999692521762396
03	lh_G_orbital	0.00712807136219684
03	lh_G_pariet_inf-Angular	-0.055497877660823
03	lh_G_pariet_inf-Supramar	-0.0180931027310747
03	lh_G_parietal_sup	0.00791553761727215
03	lh_G_postcentral	-0.00351671274296717
03	lh_G_precentral	-0.0267669438593945
03	lh_G_precuneus	0.00142390876371312
03	lh_G_rectus	-0.00234007014729709
03	lh_G_subcallosal	-0.0407438235994269
03	lh_G_temp_sup-G_T_transv	-0.0457557003061106
03	lh_G_temp_sup-Lateral	-0.00584225554885887
03	lh_G_temp_sup-Plan_polar	-0.00265847357844251
03	lh_G_temp_sup-Plan_tempo	-0.0331917053798039
03	lh_G_temporal_inf	-0.0155207942405386
03	lh_G_temporal_middle	-0.0332052374192253
03	lh_Lat_Fis-ant-Horizont	0.0340030097464279
03	lh_Lat_Fis-ant-Vertical	-0.0533818964897241
03	lh_Lat_Fis-post	-0.0205591165682808
03	lh_Pole_occipital	-0.0153459067397321
03	lh_Pole_temporal	-0.0481420517358098
03	lh_S_calcarine	0.000824711814840562
03	lh_S_central	0.0813382407832126
03	lh_S_cingul-Marginalis	0.0525965131453896
03	lh_S_circular_insula_ant	-0.0184283494273654
03	lh_S_circular_insula_inf	0.0216085594589277
03	lh_S_circular_insula_sup	-0.0176920577988264
03	lh_S_collat_transv_ant	0.00635464924278306
03	lh_S_collat_transv_post	-0.0341068669439331
03	lh_S_front_inf	0.00897376438404685
03	lh_S_front_middle	-0.0522711974428791
03	lh_S_front_sup	0.000320294316930259
03	lh_S_interm_prim-Jensen	-0.00906715788297774
03	lh_S_intrapariet_and_P_trans	0.0343418079469817
03	lh_S_oc-temp_lat	-0.0337842614822863
03	lh_S_oc-temp_med_and_Lingual	0.0043358533091995
03	lh_S_oc_middle_and_Lunatus	-0.076745775360509
03	lh_S_oc_sup_and_transversal	-0.0205688056975184
03	lh_S_occipital_ant	-0.0346831594839712
03	lh_S_orbital-H_Shaped	0.00417618265407693
03	lh_S_orbital_lateral	0.0146082900437801
03	lh_S_orbital_med-olfact	-0.0146902976567604
03	lh_S_parieto_occipital	-0.0545203367507874
03	lh_S_pericallosal	-0.0244451127788281
03	lh_S_postcentral	0.00805522631596123
03	lh_S_precentral-inf-part	0.0322914466285331
03	lh_S_precentral-sup-part	-0.0139467592198628
03	lh_S_suborbital	-0.0464261963491372
03	lh_S_subparietal	0.0226476484750391
03	lh_S_temporal_inf	-0.0911383084731279
03	lh_S_temporal_sup	0.0179245605863114
03	lh_S_temporal_transverse	-0.0568155943410904
03	rh_G_Ins_lg_and_S_cent_ins	-0.0386253340314386
03	rh_G_and_S_cingul-Ant	-0.0612516115011905
03	rh_G_and_S_cingul-Mid-Ant	-0.028998173492373
03	rh_G_and_S_cingul-Mid-Post	-0.00724400717743023
03	rh_G_and_S_frontomargin	0.0377225218889148
03	rh_G_and_S_occipital_inf	-0.0174139043295769
03	rh_G_and_S_paracentral	-0.0239805654970899
03	rh_G_and_S_subcentral	-0.0430541754013021
03	rh_G_and_S_transv_frontopol	-0.0203787231340362
03	rh_G_cingul-Post-dorsal	-0.0108812710187713
03	rh_G_cingul-Post-ventral	0.0406211581169975
03	rh_G_cuneus	-0.05899301729968
03	rh_G_front_inf-Opercular	0.0458242279679455
03	rh_G_front_inf-Orbital	0.0435879474389385
03	rh_G_front_inf-Triangul	0.0458669860886003
03	rh_G_front_middle	0.0877724407373561
03	rh_G_front_sup	-0.0168685324346747
03	rh_G_insular_short	-0.0313070480069522
03	rh_G_oc-temp_lat-fusifor	0.00703685052790437
03	rh_G_oc-temp_med-Lingual	-0.029575188735679
03	rh_G_oc-temp_med-Parahip	-0.00222781696167207
03	rh_G_occipital_middle	-0.0464880338039064
03	rh_G_occipital_sup	-0.0171954023111081
03	rh_G_orbital	0.0266121463650011
03	rh_G_pariet_inf-Angular	-0.0113731850455716
03	rh_G_pariet_inf-Supramar	-0.0605944058782013
03	rh_G_parietal_sup	0.0239769421136566
03	rh_G_postcentral	0.00506221469720991
03	rh_G_precentral	-0.0103279106674314
03	rh_G_precuneus	0.0131956361860297
03	rh_G_rectus	0.00946582443280963
03	rh_G_subcallosal	0.00982985792884783
03	rh_G_temp_sup-G_T_transv	-0.0327326710301952
03	rh_G_temp_sup-Lateral	-0.0320826520923729
03	rh_G_temp_sup-Plan_polar	0.0311995349373406
03	rh_G_temp_sup-Plan_tempo	-0.0130867055117987
03	rh_G_temporal_inf	0.0170158234847229
03	rh_G_temporal_middle	-0.0295183630596307
03	rh_Lat_Fis-ant-Horizont	0.0128482969042398
03	rh_Lat_Fis-ant-Vertical	0.016329741274907
03	rh_Lat_Fis-post	-0.0352297820802931
03	rh_Pole_occipital	-0.0379531070290966
03	rh_Pole_temporal	-0.0561208315295572
03	rh_S_calcarine	-0.013748095046064
03	rh_S_central	-0.0568549888277916
03	rh_S_cingul-Marginalis	-0.0202186465533885
03	rh_S_circular_insula_ant	0.0227890716020989
03	rh_S_circular_insula_inf	0.0487020630212616
03	rh_S_circular_insula_sup	0.0162438958908844
03	rh_S_collat_transv_ant	-0.0287822602322434
03	rh_S_collat_transv_post	0.00973034214340718
03	rh_S_front_inf	0.0111225646966755
03	rh_S_front_middle	0.0278298739137588
03	rh_S_front_sup	-0.0365106170969174
03	rh_S_interm_prim-Jensen	-0.00725226000230794
03	rh_S_intrapariet_and_P_trans	0.0422930007905764
03	rh_S_oc-temp_lat	-0.00147757908432666
03	rh_S_oc-temp_med_and_Lingual	-0.00166598828871845
03	rh_S_oc_middle_and_Lunatus	-0.0354698592170664
03	rh_S_oc_sup_and_transversal	0.0165633179796068
03	rh_S_occipital_ant	0.00566171870533339
03	rh_S_orbital-H_Shaped	0.0353879184739396
03	rh_S_orbital_lateral	-0.0383498803348674
03	rh_S_orbital_med-olfact	0.0752606884009746
03	rh_S_parieto_occipital	-0.0687690755909705
03	rh_S_pericallosal	0.0065439876393274
03	rh_S_postcentral	-0.0104314564211903
03	rh_S_precentral-inf-part	0.0118312331877597
03	rh_S_precentral-sup-part	0.0300418004927145
03	rh_S_subparietal	0.0101225474508055
03	rh_S_temporal_inf	-0.0644571225128434
03	rh_S_temporal_sup	0.0231779903715541
03	rh_S_temporal_transverse	-0.0443002569679587
04	lh_G_Ins_lg_and_S_cent_ins	0.036762983729516
04	lh_G_and_S_cingul-Ant	0.013542380233333
04	lh_G_and_S_cingul-Mid-Ant	0.0115110938440282
04	lh_G_and_S_cingul-Mid-Post	0.0222045311837595
04	lh_G_and_S_frontomargin	-0.0478037728888552
04	lh_G_and_S_occipital_inf	0.000945568175763079
04	lh_G_and_S_paracentral	-0.0357166604734029
04	lh_G_and_S_subcentral	0.0947295333942302
04	lh_G_and_S_transv_frontopol	0.0523394346597925
04	lh_G_cingul-Post-dorsal	0.0136459263632913
04	lh_G_cingul-Post-ventral	-0.000874325223843009
04	lh_G_cuneus	-0.0203044475248264
04	lh_G_front_inf-Opercular	0.0237034364380007
04	lh_G_front_inf-Orbital	0.00980573314566868
04	lh_G_front_inf-Triangul	0.0899448600926691
04	lh_G_front_middle	-0.0436745700606558
04	lh_G_front_sup	-0.0409122689948678
04	lh_G_insular_short	0.0230070382526515
04	lh_G_oc-temp_lat-fusifor	-0.00834716307054872
04	lh_G_oc-temp_med-Lingual	0.0204636943217009
04	lh_G_oc-temp_med-Parahip	0.0406357806784969
04	lh_G_occipital_middle	0.00252006407889382
04	lh_G_occipital_sup	0.0392778581385578
04	lh_G_orbital	-0.0440061711096762
04	lh_G_pariet_inf-Angular	-0.0134006383263632
04	lh_G_pariet_inf-Supramar	0.0316401988759774
04	lh_G_parietal_sup	-0.00722706050343547
04	lh_G_postcentral	0.0340861229429157
04	lh_G_precentral	0.00394210974505604
04	lh_G_precuneus	-0.0217951195786501
04	lh_G_rectus	0.0629412128010935
04	lh_G_subcallosal	0.00615088158753441
04	lh_G_temp_sup-G_T_transv	0.100368796603385
04	lh_G_temp_sup-Lateral	0.0571301121230663
04	lh_G_temp_sup-Plan_polar	0.00978696053991168
04	lh_G_temp_sup-Plan_tempo	0.00951474964147447
04	lh_G_temporal_inf	0.0114367685715866
04	lh_G_temporal_middle	0.00839313561248556
04	lh_Lat_Fis-ant-Horizont	0.0238378164286592
04	lh_Lat_Fis-ant-Vertical	0.0253215733076191
04	lh_Lat_Fis-post	-0.00378888320327064
04	lh_Pole_occipital	-0.026681681633753
04	lh_Pole_temporal	-0.022595447550656
04	lh_S_calcarine	0.0236561515281872
04	lh_S_central	0.0577821162434704
04	lh_S_cingul-Marginalis	-0.0102291632448557
04	lh_S_circular_insula_ant	0.0145168485550951
04	lh_S_circular_insula_inf	0.00119286819161157
04	lh_S_circular_insula_sup	0.0708941976977586
04	lh_S_collat_transv_ant	-0.0228496440462429
04	lh_S_collat_transv_post	0.00995866630783304
04	lh_S_front_inf	0.040556571042333
04	lh_S_front_middle	0.00325246404665513
04	lh_S_front_sup	-0.0138808851213881
04	lh_S_interm_prim-Jensen	-0.0152960572628711
04	lh_S_intrapariet_and_P_trans	-0.0170925150576773
04	lh_S_oc-temp_lat	-0.0246119941764498
04	lh_S_oc-temp_med_and_Lingual	-0.0118462153969334
04	lh_S_oc_middle_and_Lunatus	0.0626070006274126
04	lh_S_oc_sup_and_transversal	0.050932335667941
04	lh_S_occipital_ant	-0.0156177581590988
04	lh_S_orbital-H_Shaped	-0.025174479168748
04	lh_S_orbital_lateral	-0.00814399012476752
04	lh_S_orbital_med-olfact	-0.0225123312894713
04	lh_S_parieto_occipital	0.118731299859531
04	lh_S_pericallosal	0.0212923444295221
04	lh_S_postcentral	0.0472711860861912
04	lh_S_precentral-inf-part	0.0516598672006108
04	lh_S_precentral-sup-part	0.0347263145003538
04	lh_S_suborbital	0.0846552103303173
04	lh_S_subparietal	0.00469151250340705
04	lh_S_temporal_inf	-0.00122920596852616
04	lh_S_temporal_sup	0.0341396642343534
04	lh_S_temporal_transverse	0.0445422561952409
04	rh_G_Ins_lg_and_S_cent_ins	0.028035717671524
04	rh_G_and_S_cingul-Ant	0.0352335376055217
04	rh_G_and_S_cingul-Mid-Ant	0.00530294119017949
04	rh_G_and_S_cingul-Mid-Post	0.0100824692814179
04	rh_G_and_S_frontomargin	0.0127895313691653
04	rh_G_and_S_occipital_inf	0.0122159337233052
04	rh_G_and_S_paracentral	0.00300586177284767
04	rh_G_and_S_subcentral	0.103668284773982
04	rh_G_and_S_transv_frontopol	0.0490657557130607
04	rh_G_cingul-Post-dorsal	0.0275272365997665
04	rh_G_cingul-Post-ventral	-0.0132535086850973
04	rh_G_cuneus	0.0050828910803915
04	rh_G_front_inf-Opercular	0.00184194568935325
04	rh_G_front_inf-Orbital	0.0380408906759193
04	rh_G_front_inf-Triangul	0.00739205367946116
04	rh_G_front_middle	0.0692411184643911
04	rh_G_front_sup	-0.0391064820898679
04	rh_G_insular_short	0.038441408439013
04	rh_G_oc-temp_lat-fusifor	0.0439521717891669
04	rh_G_oc-temp_med-Lingual	-0.0397873197066199
04	rh_G_oc-temp_med-Parahip	-0.0250105857366778
04	rh_G_occipital_middle	0.0236853325892161
04	rh_G_occipital_sup	-0.0149896930198956
04	rh_G_orbital	-0.0177057974527006
04	rh_G_pariet_inf-Angular	0.0593184298698031
04	rh_G_pariet_inf-Supramar	0.0961721945832226
04	rh_G_parietal_sup	0.0157520933649797
04	rh_G_postcentral	0.133440988389456
04	rh_G_precentral	0.0898136264292759
04	rh_G_precuneus	-0.0700059359012277
04	rh_G_rectus	0.0292573066047286
04	rh_G_subcallosal	0.0158197358297372
04	rh_G_temp_sup-G_T_transv	0.10167104702573
04	rh_G_temp_sup-Lateral	0.0559388634111331
04	rh_G_temp_sup-Plan_polar	0.0221458934481751
04	rh_G_temp_sup-Plan_tempo	0.0666817024273847
04	rh_G_temporal_inf	0.041113644128707
04	rh_G_temporal_middle	0.0346333547477498
04	rh_Lat_Fis-ant-Horizont	-6.07421591034552e-05
04	rh_Lat_Fis-ant-Vertical	-0.0886670687961635
04	rh_Lat_Fis-post	-0.00969003362915366
04	rh_Pole_occipital	-0.00731678272152259
04	rh_Pole_temporal	0.0104158878087572
04	rh_S_calcarine	-0.0406618196591291
04	rh_S_central	0.0435793026892632
04	rh_S_cingul-Marginalis	0.036433188172821
04	rh_S_circular_insula_ant	0.0172342368481546
04	rh_S_circular_insula_inf	0.0235397688651062
04	rh_S_circular_insula_sup	0.0618739994564503
04	rh_S_collat_transv_ant	-0.005027497009082
04	rh_S_collat_transv_post	-0.0136620833956798
04	rh_S_front_inf	0.024410018856484
04	rh_S_front_middle	-0.0284287184676906
04	rh_S_front_sup	0.0267110706788527
04	rh_S_interm_prim-Jensen	0.05659690982126
04	rh_S_intrapariet_and_P_trans	0.042310116460329
04	rh_S_oc-temp_lat	0.0434230610978519
04	rh_S_oc-temp_med_and_Lingual	-0.00978579886178021
04	rh_S_oc_middle_and_Lunatus	-0.0350732359805628
04	rh_S_oc_sup_and_transversal	0.0148099812223128
04	rh_S_occipital_ant	-0.00149204710340367
04	rh_S_orbital-H_Shaped	0.0262360644633599
04	rh_S_orbital_lateral	0.0348743224483679
04	rh_S_orbital_med-olfact	0.0215582745398297
04	rh_S_parieto_occipital	-0.0286627674686928
04	rh_S_pericallosal	-0.00134917744463703
04	rh_S_postcentral	0.00486849664805344
04	rh_S_precentral-inf-part	0.080321443757672
04	rh_S_precentral-sup-part	0.0549055115230805
04	rh_S_suborbital	0.0375385030799169
04	rh_S_subparietal	-0.0500470944864233
04	rh_S_temporal_inf	0.0552571746439376
04	rh_S_temporal_sup	-0.00412664050637712
04	rh_S_temporal_transverse	0.0846118671264762
05	lh_G_Ins_lg_and_S_cent_ins	-0.0392757936369117
05	lh_G_and_S_cingul-Ant	-0.098659543852623
05	lh_G_and_S_cingul-Mid-Ant	0.0832156669988002
05	lh_G_and_S_cingul-Mid-Post	0.00244195715380169
05	lh_G_and_S_frontomargin	0.0494820884605094
05	lh_G_and_S_occipital_inf	-0.0461105259455694
05	lh_G_and_S_paracentral	-0.0620741660633604
05	lh_G_and_S_subcentral	-0.157046422766155
05	lh_G_and_S_transv_frontopol	-0.0812604007364195
05	lh_G_cingul-Post-dorsal	-0.0782201909752258
05	lh_G_cingul-Post-ventral	-0.106725494809419
05	lh_G_cuneus	-0.0442839007323723
05	lh_G_front_inf-Opercular	-0.0985818827081069
05	lh_G_front_inf-Orbital	-0.0157337696688984
05	lh_G_front_inf-Triangul	-0.102183832685059
05	lh_G_front_middle	-0.0924216075195305
05	lh_G_front_sup	0.00119409112056434
05	lh_G_insular_short	-0.0724214537893326
05	lh_G_oc-temp_lat-fusifor	-0.0422334205375003
05	lh_G_oc-temp_med-Lingual	-0.0456710074113165
05	lh_G_oc-temp_med-Parahip	0.0145318753189914
05	lh_G_occipital_middle	-0.0464824707492584
05	lh_G_occipital_sup	-0.065311264711049
05	lh_G_orbital	-0.0705165062631279
05	lh_G_pariet_inf-Angular	-0.0585169084550232
05	lh_G_pariet_inf-Supramar	-0.137183193819597
05	lh_G_parietal_sup	-0.0999982748784225
05	lh_G_postcentral	-0.183925705468525
05	lh_G_precentral	-0.0282089344167762
05	lh_G_precuneus	-0.0354334641275793
05	lh_G_rectus	-0.044148582691693
05	lh_G_subcallosal	-0.083959446682865
05	lh_G_temp_sup-G_T_transv	-0.0328279331979031
05	lh_G_temp_sup-Lateral	-0.1253353469974
05	lh_G_temp_sup-Plan_polar	-0.035899454089126
05	lh_G_temp_sup-Plan_tempo	-0.0623070125276461
05	lh_G_temporal_inf	0.0179367261882168
05	lh_G_temporal_middle	-0.0621424862933582
05	lh_Lat_Fis-ant-Horizont	-0.0219375529177839
05	lh_Lat_Fis-ant-Vertical	-0.0875257852313513
05	lh_Lat_Fis-post	-0.0931020006171721
05	lh_Pole_occipital	-0.027912326470501
05	lh_Pole_temporal	-0.0378460953628466
05	lh_S_calcarine	-0.110569348387347
05	lh_S_central	-0.0899861750044266
05	lh_S_cingul-Marginalis	-0.0634877051947047
05	lh_S_circular_insula_ant	-0.0199165336284537
05	lh_S_circular_insula_inf	0.00623631816680525
05	lh_S_circular_insula_sup	-0.0389604844602109
05	lh_S_collat_transv_ant	0.0131226027043265
05	lh_S_collat_transv_post	-0.126089327278519
05	lh_S_front_inf	-0.0751434849959702
05	lh_S_front_middle	-0.0236032535120696
05	lh_S_front_sup	-0.0454399242440839
05	lh_S_interm_prim-Jensen	-0.137909383845913
05	lh_S_intrapariet_and_P_trans	-0.0831963308372963
05	lh_S_oc-temp_lat	-0.052956517110978
05	lh_S_oc-temp_med_and_Lingual	0.0142164215003158
05	lh_S_oc_middle_and_Lunatus	-0.131892422562507
05	lh_S_oc_sup_and_transversal	-0.0396730469600675
05	lh_S_occipital_ant	-0.105573797048054
05	lh_S_orbital-H_Shaped	-0.0652941962253335
05	lh_S_orbital_lateral	-0.0725067024444881
05	lh_S_orbital_med-olfact	-0.046416244476756
05	lh_S_parieto_occipital	-0.0785160051343397
05	lh_S_pericallosal	0.0531495440750023
05	lh_S_postcentral	-0.0564623420510841
05	lh_S_precentral-inf-part	-0.101186014106718
05	lh_S_precentral-sup-part	-0.0339900242076236
05	lh_S_suborbital	-0.0852372170812137
05	lh_S_subparietal	-0.0730952452496414
05	lh_S_temporal_inf	0.0156323599297332
05	lh_S_temporal_sup	-0.0183140363269914
05	lh_S_temporal_transverse	-0.117280209348241
05	rh_G_Ins_lg_and_S_cent_ins	-0.081539228495294
05	rh_G_and_S_cingul-Ant	-0.121358538308694
05	rh_G_and_S_cingul-Mid-Ant	-0.0158482076002651
05	rh_G_and_S_cingul-Mid-Post	-0.0230274711869223
05	rh_G_and_S_frontomargin	-0.00611001404768086
05	rh_G_and_S_occipital_inf	-0.0849805650861324
05	rh_G_and_S_paracentral	-0.0611204865943664
05	rh_G_and_S_subcentral	-0.0394106449619853
05	rh_G_and_S_transv_frontopol	0.0230867754007846
05	rh_G_cingul-Post-dorsal	-0.061029954478256
05	rh_G_cingul-Post-ventral	-0.0361873000192832
05	rh_G_cuneus	-0.0363006669271657
05	rh_G_front_inf-Opercular	0.00483707320776272
05	rh_G_front_inf-Orbital	-0.0613846292022284
05	rh_G_front_inf-Triangul	-0.0432926310709538
05	rh_G_front_middle	0.0415462290035729
05	rh_G_front_sup	-0.00429588173143358
05	rh_G_insular_short	-0.104868802329886
05	rh_G_oc-temp_lat-fusifor	-0.095316506618814
05	rh_G_oc-temp_med-Lingual	-0.0439909354964829
05	rh_G_oc-temp_med-Parahip	-0.0737638441208182
05	rh_G_occipital_middle	-0.0284229259645405
05	rh_G_occipital_sup	-0.082009728777761
05	rh_G_orbital	-0.0274451456251894
05	rh_G_pariet_inf-Angular	-0.0860095326191566
05	rh_G_pariet_inf-Supramar	-0.172886181748337
05	rh_G_parietal_sup	-0.0558939903623115
05	rh_G_postcentral	-0.035285356415959
05	rh_G_precentral	-0.0397065250295174
05	rh_G_precuneus	-0.0635739010276071
05	rh_G_rectus	-0.0795498282091653
05	rh_G_subcallosal	-0.0493056559884364
05	rh_G_temp_sup-G_T_transv	0.00262417039924134
05	rh_G_temp_sup-Lateral	-0.0874214274312779
05	rh_G_temp_sup-Plan_polar	-0.136485651735462
05	rh_G_temp_sup-Plan_tempo	-0.0965009559712229
05	rh_G_temporal_inf	-0.0786710805421489
05	rh_G_temporal_middle	-0.0593846238475653
05	rh_Lat_Fis-ant-Horizont	-0.106865412393576
05	rh_Lat_Fis-ant-Vertical	-0.0179247802320956
05	rh_Lat_Fis-post	-0.102399313516254
05	rh_Pole_occipital	-0.00870985513772382
05	rh_Pole_temporal	-0.0845448228685743
05	rh_S_calcarine	-0.0248119793975379
05	rh_S_central	-0.154846074822409
05	rh_S_cingul-Marginalis	-0.108941783207871
05	rh_S_circular_insula_ant	-0.0719281010277157
05	rh_S_circular_insula_inf	-0.0605608240850346
05	rh_S_circular_insula_sup	0.0267020896621704
05	rh_S_collat_transv_ant	-0.0726902121052548
05	rh_S_collat_transv_post	-0.0389900920737576
05	rh_S_front_inf	-0.0586497883174291
05	rh_S_front_middle	-0.051297764448762
05	rh_S_front_sup	-0.0555117422177931
05	rh_S_interm_prim-Jensen	-0.0396672459996248
05	rh_S_intrapariet_and_P_trans	-0.0213266908572711
05	rh_S_oc-temp_lat	-0.0734530572508278
05	rh_S_oc-temp_med_and_Lingual	-0.0957627254637243
05	rh_S_oc_middle_and_Lunatus	0.0141504279693665
05	rh_S_oc_sup_and_transversal	0.0241637667652324
05	rh_S_occipital_ant	-0.0811344421957445
05	rh_S_orbital-H_Shaped	-0.0707356455688233
05	rh_S_orbital_lateral	-0.0549513571524356
05	rh_S_orbital_med-olfact	-0.064853805608938
05	rh_S_parieto_occipital	-0.0830041008068783
05	rh_S_pericallosal	-0.0413266966002608
05	rh_S_postcentral	-0.122924973696408
05	rh_S_precentral-inf-part	-0.0381361054348464
05	rh_S_precentral-sup-part	-0.0963141270192303
05	rh_S_suborbital	-0.048207803216032
05	rh_S_subparietal	-0.0847882580845916
05	rh_S_temporal_inf	-0.0947345157602859
05	rh_S_temporal_sup	0.00784911988571935
05	rh_S_temporal_transverse	-0.0216976677939567
06	lh_G_Ins_lg_and_S_cent_ins	-0.0399810731526946
06	lh_G_and_S_cingul-Ant	-0.00245142918986829
06	lh_G_and_S_cingul-Mid-Ant	0.0137748030148668
06	lh_G_and_S_cingul-Mid-Post	-0.0440986849371274
06	lh_G_and_S_frontomargin	0.0415113675725545
06	lh_G_and_S_occipital_inf	-0.0821323207093307
06	lh_G_and_S_paracentral	-0.00476205785845707
06	lh_G_and_S_subcentral	0.04736260088987
06	lh_G_and_S_transv_frontopol	-0.0417945375709898
06	lh_G_cingul-Post-dorsal	-0.0535255772102046
06	lh_G_cingul-Post-ventral	-0.0250414271186417
06	lh_G_cuneus	-0.0190171042847771
06	lh_G_front_inf-Opercular	-0.00204143018344993
06	lh_G_front_inf-Orbital	-0.0169934356624752
06	lh_G_front_inf-Triangul	-0.076336560459378
06	lh_G_front_middle	0.0442062935760923
06	lh_G_front_sup	-0.0502127408776243
06	lh_G_insular_short	0.0324849197980761
06	lh_G_oc-temp_lat-fusifor	-0.0528795499912995
06	lh_G_oc-temp_med-Lingual	-0.0455904628252632
06	lh_G_oc-temp_med-Parahip	-0.06674511345373
06	lh_G_occipital_middle	0.0376699093660253
06	lh_G_occipital_sup	-0.0310087038364006
06	lh_G_orbital	-0.0392645552451327
06	lh_G_pariet_inf-Angular	-0.0260608891752829
06	lh_G_pariet_inf-Supramar	-0.00369968880094174
06	lh_G_parietal_sup	-0.0142541613515146
06	lh_G_postcentral	0.0330800192128118
06	lh_G_precentral	-0.0234763440529919
06	lh_G_precuneus	-0.0183794967614359
06	lh_G_rectus	-0.14568673348797
06	lh_G_subcallosal	-0.0963090360572139
06	lh_G_temp_sup-G_T_transv	0.0276076886464036
06	lh_G_temp_sup-Lateral	0.00143379696756973
06	lh_G_temp_sup-Plan_polar	-0.159134449959143
06	lh_G_temp_sup-Plan_tempo	0.00368535324837538
06	lh_G_temporal_inf	0.0396761096789291
06	lh_G_temporal_middle	-0.00246150371107667
06	lh_Lat_Fis-ant-Horizont	-0.0553965425597127
06	lh_Lat_Fis-ant-Vertical	0.0103529915938987
06	lh_Lat_Fis-post	-0.0710502606213446
06	lh_Pole_occipital	-0.0303891307667135
06	lh_Pole_temporal	-0.0995335404132387
06	lh_S_calcarine	-0.0683712918886279
06	lh_S_central	0.00447590692454103
06	lh_S_cingul-Marginalis	-0.0468925452813087
06	lh_S_circular_insula_ant	-0.0327411465749963
06	lh_S_circular_insula_inf	-0.0230127463105587
06	lh_S_circular_insula_sup	-0.0088978939178288
06	lh_S_collat_transv_ant	-0.0270982083782672
06	lh_S_collat_transv_post	-0.104136985993788
06	lh_S_front_inf	0.059570740357552
06	lh_S_front_middle	0.0310525732048532
06	lh_S_front_sup	0.0272353113097781
06	lh_S_interm_prim-Jensen	-0.0330195216773221
06	lh_S_intrapariet_and_P_trans	-0.0283083401529796
06	lh_S_oc-temp_lat	-0.0245699504262582
06	lh_S_oc-temp_med_and_Lingual	-0.0550260610146163
06	lh_S_oc_middle_and_Lunatus	-0.0285533861987597
06	lh_S_oc_sup_and_transversal	-0.0014357862256027
06	lh_S_occipital_ant	-0.0144797142629685
06	lh_S_orbital-H_Shaped	-0.0777549838683402
06	lh_S_orbital_lateral	-0.0281019265931137
06	lh_S_orbital_med-olfact	-0.087327875369061
06	lh_S_parieto_occipital	-0.0555764440291941
06	lh_S_pericallosal	-0.0320933364694111
06	lh_S_postcentral	0.0292529827394636
06	lh_S_precentral-inf-part	0.046285342817999
06	lh_S_precentral-sup-part	0.0104234948174815
06	lh_S_suborbital	-0.155011037332121
06	lh_S_subparietal	-0.0327151338820757
06	lh_S_temporal_inf	-0.0817627636697855
06	lh_S_temporal_sup	-0.0454368924343305
06	lh_S_temporal_transverse	0.00839076327493249
06	rh_G_Ins_lg_and_S_cent_ins	-0.0821514736231892
06	rh_G_and_S_cingul-Ant	-0.0231259650993891
06	rh_G_and_S_cingul-Mid-Ant	-0.0850209731148235
06	rh_G_and_S_cingul-Mid-Post	-0.0147046223242828
06	rh_G_and_S_frontomargin	-0.144470696570096
06	rh_G_and_S_occipital_inf	-0.0844794631596342
06	rh_G_and_S_paracentral	0.0392673918164093
06	rh_G_and_S_subcentral	0.0242505298405682
06	rh_G_and_S_transv_frontopol	-0.0614295399167233
06	rh_G_cingul-Post-dorsal	-0.0588903327177164
06	rh_G_cingul-Post-ventral	0.0119356480073032
06	rh_G_cuneus	-0.0314674894045552
06	rh_G_front_inf-Opercular	-0.0938260479834243
06	rh_G_front_inf-Orbital	-0.227493407852063
06	rh_G_front_inf-Triangul	-0.00739545457311586
06	rh_G_front_middle	-0.083714022131641
06	rh_G_front_sup	-0.111312449485399
06	rh_G_insular_short	-0.109648322951742
06	rh_G_oc-temp_lat-fusifor	0.031051653813055
06	rh_G_oc-temp_med-Lingual	-0.0269591913134226
06	rh_G_oc-temp_med-Parahip	-0.101032771750808
06	rh_G_occipital_middle	0.0165845027825293
06	rh_G_occipital_sup	0.0212508631434423
06	rh_G_orbital	-0.0472725553634188
06	rh_G_pariet_inf-Angular	-0.0244529218851435
06	rh_G_pariet_inf-Supramar	0.0168495808677571
06	rh_G_parietal_sup	0.00128379907430265
06	rh_G_postcentral	0.015970155447131
06	rh_G_precentral	0.0185360564272816
06	rh_G_precuneus	-0.0282152707071104
06	rh_G_rectus	-0.0472929039507859
06	rh_G_subcallosal	-0.0529411561960211
06	rh_G_temp_sup-G_T_transv	0.0712137957580188
06	rh_G_temp_sup-Lateral	-0.0216696239072647
06	rh_G_temp_sup-Plan_polar	-0.00727421930360794
06	rh_G_temp_sup-Plan_tempo	0.0547380390030865
06	rh_G_temporal_inf	0.0124942852528802
06	rh_G_temporal_middle	0.0111585449720062
06	rh_Lat_Fis-ant-Horizont	-0.0891182735874825
06	rh_Lat_Fis-ant-Vertical	-0.126135124750786
06	rh_Lat_Fis-post	0.010900204058796
06	rh_Pole_occipital	0.0227976047102638
06	rh_Pole_temporal	-0.0737613781181352
06	rh_S_calcarine	-0.033331980362461
06	rh_S_central	-0.0138647694377392
06	rh_S_cingul-Marginalis	-0.0491428278452446
06	rh_S_circular_insula_ant	-0.117310265903042
06	rh_S_circular_insula_inf	0.0142264895840265
06	rh_S_circular_insula_sup	-0.0659997374142769
06	rh_S_collat_transv_ant	-0.0387696398778941
06	rh_S_collat_transv_post	-0.108917666388881
06	rh_S_front_inf	-0.0798481324823701
06	rh_S_front_middle	0.00396192682365726
06	rh_S_front_sup	-0.0118867205551414
06	rh_S_interm_prim-Jensen	0.0434671472442538
06	rh_S_intrapariet_and_P_trans	0.0369139588253455
06	rh_S_oc-temp_lat	-0.00666564144811055
06	rh_S_oc-temp_med_and_Lingual	-0.0121557023883136
06	rh_S_oc_middle_and_Lunatus	-0.0127530635418767
06	rh_S_oc_sup_and_transversal	-0.0411395073287677
06	rh_S_occipital_ant	-0.0216282766265588
06	rh_S_orbital-H_Shaped	-0.0549686884991702
06	rh_S_orbital_lateral	-0.0596254181048721
06	rh_S_orbital_med-olfact	-0.058154895746549
06	rh_S_parieto_occipital	-0.0740755271894393
06	rh_S_pericallosal	-0.0454028570635776
06	rh_S_postcentral	0.0109435304461876
06	rh_S_precentral-inf-part	-0.0745390763189446
06	rh_S_precentral-sup-part	0.016737321812216
06	rh_S_suborbital	-0.026074413044272
06	rh_S_subparietal	-0.017868750466361
06	rh_S_temporal_inf	-0.072230954055919
06	rh_S_temporal_sup	-0.0419020873321756
06	rh_S_temporal_transverse	-0.00226703134091188
07	lh_G_Ins_lg_and_S_cent_ins	-0.0138784959885969
07	lh_G_and_S_cingul-Ant	0.0153936457642381
07	lh_G_and_S_cingul-Mid-Ant	-0.016636534289943
07	lh_G_and_S_cingul-Mid-Post	0.0109262606032283
07	lh_G_and_S_frontomargin	0.0103966171935941
07	lh_G_and_S_occipital_inf	0.0018127852993528
07	lh_G_and_S_paracentral	0.0417148428380356
07	lh_G_and_S_subcentral	0.036884062406016
07	lh_G_and_S_transv_frontopol	-0.0032310918008287
07	lh_G_cingul-Post-dorsal	0.0943512400135749
07	lh_G_cingul-Post-ventral	-0.0174431459038216
07	lh_G_cuneus	-0.026795581445298
07	lh_G_front_inf-Opercular	0.0290509181085943
07	lh_G_front_inf-Orbital	0.0299835982372878
07	lh_G_front_inf-Triangul	-0.0078003248522398
07	lh_G_front_middle	0.0147349245573345
07	lh_G_front_sup	0.0204033307759079
07	lh_G_insular_short	-0.0127015920958273
07	lh_G_oc-temp_lat-fusifor	0.00405247629661165
07	lh_G_oc-temp_med-Lingual	-0.0510418406123101
07	lh_G_oc-temp_med-Parahip	-0.0275183574756204
07	lh_G_occipital_middle	-0.00122174661539809
07	lh_G_occipital_sup	-0.0091038588929413
07	lh_G_orbital	0.00625280167011777
07	lh_G_pariet_inf-Angular	-0.0541750094907671
07	lh_G_pariet_inf-Supramar	0.0479795632533548
07	lh_G_parietal_sup	-0.0382994429985208
07	lh_G_postcentral	0.0341248103677456
07	lh_G_precentral	-0.0124661787743223
07	lh_G_precuneus	-0.0349937998422423
07	lh_G_rectus	0.00845428863037689
07	lh_G_subcallosal	-0.017672108879319
07	lh_G_temp_sup-G_T_transv	0.0725707182665829
07	lh_G_temp_sup-Lateral	-0.00902128479731257
07	lh_G_temp_sup-Plan_polar	0.00569661142568467
07	lh_G_temp_sup-Plan_tempo	0.00519035926664291
07	lh_G_temporal_inf	0.031365208338678
07	lh_G_temporal_middle	0.0438630909855728
07	lh_Lat_Fis-ant-Horizont	0.00296817132671912
07	lh_Lat_Fis-ant-Vertical	0.0182900771288361
07	lh_Lat_Fis-post	-0.0204790052888182
07	lh_Pole_occipital	0.00162769531311113
07	lh_Pole_temporal	0.00605514321370482
07	lh_S_calcarine	-0.0330509523273319
07	lh_S_central	0.0319670940025292
07	lh_S_cingul-Marginalis	0.032354893820906
07	lh_S_circular_insula_ant	0.0358171549354216
07	lh_S_circular_insula_inf	0.033247843361651
07	lh_S_circular_insula_sup	0.034622859549601
07	lh_S_collat_transv_ant	0.00838826943188042
07	lh_S_collat_transv_post	-0.042016412179863
07	lh_S_front_inf	-0.0130239828917089
07	lh_S_front_middle	0.00823720815031415
07	lh_S_front_sup	0.0370231810519943
07	lh_S_interm_prim-Jensen	-0.00788896069672074
07	lh_S_intrapariet_and_P_trans	-0.0116708402231245
07	lh_S_oc-temp_lat	-0.050131565005576
07	lh_S_oc-temp_med_and_Lingual	0.00624564689397378
07	lh_S_oc_middle_and_Lunatus	-0.0174987480088884
07	lh_S_oc_sup_and_transversal	-0.0148396978762957
07	lh_S_occipital_ant	0.0138482563314151
07	lh_S_orbital-H_Shaped	0.0113670235380203
07	lh_S_orbital_lateral	0.0158309732825508
07	lh_S_orbital_med-olfact	0.000239647103504659
07	lh_S_parieto_occipital	-0.00822596691977662
07	lh_S_pericallosal	0.0155008270573589
07	lh_S_postcentral	0.0189866498815991
07	lh_S_precentral-inf-part	0.0146391988790979
07	lh_S_precentral-sup-part	0.00482698669698767
07	lh_S_suborbital	0.0109321987735571
07	lh_S_subparietal	0.0381728580941507
07	lh_S_temporal_inf	-0.00769877268597874
07	lh_S_temporal_sup	0.00959852219343738
07	lh_S_temporal_transverse	0.0275731986651735
07	rh_G_Ins_lg_and_S_cent_ins	0.0405407448331552
07	rh_G_and_S_cingul-Ant	0.00797846779967859
07	rh_G_and_S_cingul-Mid-Ant	-0.00367110896350287
07	rh_G_and_S_cingul-Mid-Post	0.0240319647801508
07	rh_G_and_S_frontomargin	0.0265910472015118
07	rh_G_and_S_occipital_inf	-0.0398324797571492
07	rh_G_and_S_paracentral	0.061529510181205
07	rh_G_and_S_subcentral	-0.0629246716935095
07	rh_G_and_S_transv_frontopol	0.0282666892095325
07	rh_G_cingul-Post-dorsal	0.1098501599987
07	rh_G_cingul-Post-ventral	0.00930391621801885
07	rh_G_cuneus	-0.0722744931733379
07	rh_G_front_inf-Opercular	-0.0345420548236408
07	rh_G_front_inf-Orbital	0.00756561054809701
07	rh_G_front_inf-Triangul	-0.0201782949605729
07	rh_G_front_middle	0.0152701539202598
07	rh_G_front_sup	-0.00528241912264704
07	rh_G_insular_short	0.0588166906502874
07	rh_G_oc-temp_lat-fusifor	0.00331613097176664
07	rh_G_oc-temp_med-Lingual	0.0251003763935334
07	rh_G_oc-temp_med-Parahip	-0.00904276662802239
07	rh_G_occipital_middle	-0.0446317111208598
07	rh_G_occipital_sup	-0.076033304943536
07	rh_G_orbital	-0.0211003666927532
07	rh_G_pariet_inf-Angular	-0.0694656239310127
07	rh_G_pariet_inf-Supramar	-0.0290643214913864
07	rh_G_parietal_sup	-0.0359563638565108
07	rh_G_postcentral	-0.0308284787179387
07	rh_G_precentral	-0.0103247540562244
07	rh_G_precuneus	0.0222917225499462
07	rh_G_rectus	0.0104779282552903
07	rh_G_subcallosal	0.0207755075265377
07	rh_G_temp_sup-G_T_transv	-0.0317211083865248
07	rh_G_temp_sup-Lateral	-0.0674559388605616
07	rh_G_temp_sup-Plan_polar	-0.00877525440950588
07	rh_G_temp_sup-Plan_tempo	-0.0424886753964566
07	rh_G_temporal_inf	-0.00195430153274678
07	rh_G_temporal_middle	-0.0529687376934396
07	rh_Lat_Fis-ant-Horizont	-0.0321750568572634
07	rh_Lat_Fis-ant-Vertical	-0.0345624401137421
07	rh_Lat_Fis-post	0.0190906153984542
07	rh_Pole_occipital	-0.0715975333908299
07	rh_Pole_temporal	-0.00422348057156796
07	rh_S_calcarine	-0.0245540073796509
07	rh_S_central	0.010000685357805
07	rh_S_cingul-Marginalis	0.0598681358876059
07	rh_S_circular_insula_ant	0.0257259936339329
07	rh_S_circular_insula_inf	-0.000557639694279466
07	rh_S_circular_insula_sup	-0.0254794562989602
07	rh_S_collat_transv_ant	0.0118010584393771
07	rh_S_collat_transv_post	0.0452946172555277
07	rh_S_front_inf	0.030047946869141
07	rh_S_front_middle	0.0276774738847196
07	rh_S_front_sup	0.0165467150707954
07	rh_S_interm_prim-Jensen	-0.0752434540361167
07	rh_S_intrapariet_and_P_trans	-0.0403840322895004
07	rh_S_oc-temp_lat	-0.0136122381117927
07	rh_S_oc-temp_med_and_Lingual	0.000505274464195793
07	rh_S_oc_middle_and_Lunatus	-0.0345073317550835
07	rh_S_oc_sup_and_transversal	0.0141699941239501
07	rh_S_occipital_ant	-0.0411095518995985
07	rh_S_orbital-H_Shaped	-0.0157095670133991
07	rh_S_orbital_lateral	-0.0277706302370087
07	rh_S_orbital_med-olfact	0.0237465823303626
07	rh_S_parieto_occipital	0.0242741690411172
07	rh_S_pericallosal	0.0192088939972335
07	rh_S_postcentral	-0.0226820924428699
07	rh_S_precentral-inf-part	0.0258965294961628
07	rh_S_precentral-sup-part	-0.0284592182273613
07	rh_S_suborbital	-0.0163754114355301
07	rh_S_subparietal	0.0567419841829748
07	rh_S_temporal_inf	0.00279258802535498
07	rh_S_temporal_sup	0.000822614113684672
07	rh_S_temporal_transverse	-0.0342539041401677
08	lh_G_Ins_lg_and_S_cent_ins	-0.0582182568386651
08	lh_G_and_S_cingul-Ant	-0.0114765225311348
08	lh_G_and_S_cingul-Mid-Ant	-0.0124171554649015
08	lh_G_and_S_cingul-Mid-Post	0.00216774291280952
08	lh_G_and_S_frontomargin	0.0199363780209802
08	lh_G_and_S_occipital_inf	0.0120669282916355
08	lh_G_and_S_paracentral	-0.0561885264288327
08	lh_G_and_S_subcentral	-0.0666947393772004
08	lh_G_and_S_transv_frontopol	-0.0053878985897331
08	lh_G_cingul-Post-dorsal	-0.0382440600096174
08	lh_G_cingul-Post-ventral	-0.0373555263097671
08	lh_G_cuneus	-0.0250417431502479
08	lh_G_front_inf-Opercular	-0.00508832169304352
08	lh_G_front_inf-Orbital	-0.0215167814209565
08	lh_G_front_inf-Triangul	-0.0866526219113775
08	lh_G_front_middle	0.0412193424422247
08	lh_G_front_sup	-0.0143590319274987
08	lh_G_insular_short	0.0219069264786231
08	lh_G_oc-temp_lat-fusifor	-0.00796075240965166
08	lh_G_oc-temp_med-Lingual	0.0374467025483183
08	lh_G_oc-temp_med-Parahip	-0.0620274254371571
08	lh_G_occipital_middle	-0.0112695533541176
08	lh_G_occipital_sup	0.0214828291669305
08	lh_G_orbital	0.00482637103599526
08	lh_G_pariet_inf-Angular	-0.05076526474787
08	lh_G_pariet_inf-Supramar	-0.039821388245934
08	lh_G_parietal_sup	-0.0347619662046226
08	lh_G_postcentral	-0.110395026151061
08	lh_G_precentral	-0.111056554427626
08	lh_G_precuneus	-0.080685184720048
08	lh_G_rectus	-0.0451831146591362
08	lh_G_subcallosal	-0.0631560161594029
08	lh_G_temp_sup-G_T_transv	-0.0932577254425633
08	lh_G_temp_sup-Lateral	-0.00127086680406752
08	lh_G_temp_sup-Plan_polar	-0.0410902502212824
08	lh_G_temp_sup-Plan_tempo	-0.0431382052658504
08	lh_G_temporal_inf	-0.0786959274776731
08	lh_G_temporal_middle	-0.0183338542418676
08	lh_Lat_Fis-ant-Horizont	-0.0087970992204216
08	lh_Lat_Fis-ant-Vertical	-0.0151873943130081
08	lh_Lat_Fis-post	-0.016374478605937
08	lh_Pole_occipital	0.0236096036630684
08	lh_Pole_temporal	-0.0437005283272223
08	lh_S_calcarine	0.011953955327499
08	lh_S_central	-0.0706513135100391
08	lh_S_cingul-Marginalis	-0.0179735610290743
08	lh_S_circular_insula_ant	-0.0570797944707602
08	lh_S_circular_insula_inf	-0.0743405196652924
08	lh_S_circular_insula_sup	-0.0547656850905724
08	lh_S_collat_transv_ant	-0.0813920744177583
08	lh_S_collat_transv_post	0.0257383753728204
08	lh_S_front_inf	0.0143497471116882
08	lh_S_front_middle	0.0111127761482175
08	lh_S_front_sup	-0.0649373972060783
08	lh_S_interm_prim-Jensen	-0.123814317255142
08	lh_S_intrapariet_and_P_trans	-0.0460554867181706
08	lh_S_oc-temp_lat	0.0164015503744412
08	lh_S_oc-temp_med_and_Lingual	-0.0546182979421879
08	lh_S_oc_middle_and_Lunatus	0.0512967432093108
08	lh_S_oc_sup_and_transversal	-0.0018144788975718
08	lh_S_occipital_ant	-0.10495383394255
08	lh_S_orbital-H_Shaped	0.0183371180293328
08	lh_S_orbital_lateral	-0.0533168317165646
08	lh_S_orbital_med-olfact	-0.0103039743854918
08	lh_S_parieto_occipital	-0.0293244626523537
08	lh_S_pericallosal	-0.0539680889220211
08	lh_S_postcentral	-0.077093061318811
08	lh_S_precentral-inf-part	-0.0438163750657408
08	lh_S_precentral-sup-part	0.0319369439289856
08	lh_S_suborbital	-0.0438369063657493
08	lh_S_subparietal	-0.000397079498163144
08	lh_S_temporal_inf	-0.0922211702291209
08	lh_S_temporal_sup	-0.115319741483126
08	lh_S_temporal_transverse	-0.023971200376474
08	rh_G_Ins_lg_and_S_cent_ins	0.0124332429311913
08	rh_G_and_S_cingul-Ant	-0.0912351163419203
08	rh_G_and_S_cingul-Mid-Ant	-0.037762827845814
08	rh_G_and_S_cingul-Mid-Post	-0.0486200510188821
08	rh_G_and_S_frontomargin	-0.0177354680552719
08	rh_G_and_S_occipital_inf	0.0356012670304828
08	rh_G_and_S_paracentral	-0.0633794072388083
08	rh_G_and_S_subcentral	-0.0173507841113487
08	rh_G_and_S_transv_frontopol	-0.00736446433257854
08	rh_G_cingul-Post-dorsal	-0.0600365137762395
08	rh_G_cingul-Post-ventral	-0.0126650408513491
08	rh_G_cuneus	-0.07357745716378
08	rh_G_front_inf-Opercular	-0.0326959552569797
08	rh_G_front_inf-Orbital	-0.00400962635269497
08	rh_G_front_inf-Triangul	-0.0830926671745651
08	rh_G_front_middle	0.0110381088600997
08	rh_G_front_sup	-0.0487817575018799
08	rh_G_insular_short	-0.00246122641667412
08	rh_G_oc-temp_lat-fusifor	-0.00169212689376064
08	rh_G_oc-temp_med-Lingual	0.00955345869813851
08	rh_G_oc-temp_med-Parahip	-0.00745625582883047
08	rh_G_occipital_middle	-0.0189792455173237
08	rh_G_occipital_sup	-0.0756022715345974
08	rh_G_orbital	-0.0182982624200561
08	rh_G_pariet_inf-Angular	-0.0444491913061986
08	rh_G_pariet_inf-Supramar	-0.044519345969178
08	rh_G_parietal_sup	0.0208688903507239
08	rh_G_postcentral	-0.00531289187767747
08	rh_G_precentral	0.00391188119352925
08	rh_G_precuneus	0.0226544805851576
08	rh_G_rectus	-0.0333822132892099
08	rh_G_subcallosal	-0.0807998219909916
08	rh_G_temp_sup-G_T_transv	0.0316140057859906
08	rh_G_temp_sup-Lateral	-0.0536128104306499
08	rh_G_temp_sup-Plan_polar	-0.0338386089758007
08	rh_G_temp_sup-Plan_tempo	-0.0647190515419629
08	rh_G_temporal_inf	-0.0276759323078322
08	rh_G_temporal_middle	-0.0366569300487454
08	rh_Lat_Fis-ant-Horizont	-0.0816444329866659
08	rh_Lat_Fis-ant-Vertical	-0.0120106454232509
08	rh_Lat_Fis-post	-0.0439942461296541
08	rh_Pole_occipital	0.0824871092181221
08	rh_Pole_temporal	-0.0685572283001061
08	rh_S_calcarine	-0.0135025228223329
08	rh_S_central	-0.012445553136831
08	rh_S_cingul-Marginalis	-0.0605660137012833
08	rh_S_circular_insula_ant	-0.0358472432105232
08	rh_S_circular_insula_inf	-0.0101077090413364
08	rh_S_circular_insula_sup	-0.028049196078749
08	rh_S_collat_transv_ant	-0.0179061400046274
08	rh_S_collat_transv_post	0.0108343245982345
08	rh_S_front_inf	0.0752264352864431
08	rh_S_front_middle	-0.0454684377378207
08	rh_S_front_sup	-0.0191644269926812
08	rh_S_interm_prim-Jensen	0.0414271496815877
08	rh_S_intrapariet_and_P_trans	-0.0479166596417961
08	rh_S_oc-temp_lat	-0.00486663517926544
08	rh_S_oc-temp_med_and_Lingual	-0.0224594993117444
08	rh_S_oc_middle_and_Lunatus	-0.00706863359454424
08	rh_S_oc_sup_and_transversal	-0.011532281101049
08	rh_S_occipital_ant	-0.0411231157535195
08	rh_S_orbital-H_Shaped	-0.0507245729020447
08	rh_S_orbital_lateral	-0.0680060034275227
08	rh_S_orbital_med-olfact	-0.0182345773727013
08	rh_S_parieto_occipital	-0.063916955709904
08	rh_S_pericallosal	-0.0677789703920721
08	rh_S_postcentral	0.0130962914642918
08	rh_S_precentral-inf-part	-0.00873432639009941
08	rh_S_precentral-sup-part	0.0119632370478042
08	rh_S_suborbital	-0.0326631442280707
08	rh_S_subparietal	-0.0058857702999715
08	rh_S_temporal_inf	-0.0513252470884069
08	rh_S_temporal_sup	-0.0205868002092231
08	rh_S_temporal_transverse	-0.0648959173803343
09	lh_G_Ins_lg_and_S_cent_ins	0.0346351531400275
09	lh_G_and_S_cingul-Ant	-0.0170526486603793
09	lh_G_and_S_cingul-Mid-Ant	-0.0287395698596002
09	lh_G_and_S_cingul-Mid-Post	-0.00509936665728894
09	lh_G_and_S_frontomargin	-0.0234051219988594
09	lh_G_and_S_occipital_inf	-0.0361022565796905
09	lh_G_and_S_paracentral	0.0265359272810723
09	lh_G_and_S_subcentral	-0.0246844435852589
09	lh_G_and_S_transv_frontopol	-0.0126186043400027
09	lh_G_cingul-Post-dorsal	-0.0210934691564209
09	lh_G_cingul-Post-ventral	-0.0316800787804121
09	lh_G_cuneus	-0.0301739647175641
09	lh_G_front_inf-Opercular	0.0138885248368545
09	lh_G_front_inf-Orbital	-0.0288977447871366
09	lh_G_front_inf-Triangul	0.0364872742588114
09	lh_G_front_middle	0.0427511309063187
09	lh_G_front_sup	-0.0411498285260468
09	lh_G_insular_short	0.0477197430404965
09	lh_G_oc-temp_lat-fusifor	-0.0123463367805039
09	lh_G_oc-temp_med-Lingual	0.00985655819264242
09	lh_G_oc-temp_med-Parahip	-0.0124969673863271
09	lh_G_occipital_middle	-0.0371577389533311
09	lh_G_occipital_sup	0.00235068525623561
09	lh_G_orbital	-0.0480882937251588
09	lh_G_pariet_inf-Angular	0.011240626614704
09	lh_G_pariet_inf-Supramar	0.0212916779019903
09	lh_G_parietal_sup	0.00039604724173703
09	lh_G_postcentral	-0.00274123203949106
09	lh_G_precentral	0.0213725343926798
09	lh_G_precuneus	0.00894097583801567
09	lh_G_rectus	0.0386827849375582
09	lh_G_subcallosal	-0.0221589353983651
09	lh_G_temp_sup-G_T_transv	0.0118826016699112
09	lh_G_temp_sup-Lateral	0.0229453033668428
09	lh_G_temp_sup-Plan_polar	0.0159395275099543
09	lh_G_temp_sup-Plan_tempo	0.00646899569266246
09	lh_G_temporal_inf	0.0340691630867944
09	lh_G_temporal_middle	-0.0144514710035653
09	lh_Lat_Fis-ant-Horizont	-0.0773269230838478
09	lh_Lat_Fis-ant-Vertical	0.0401223476785537
09	lh_Lat_Fis-post	0.00350163849571139
09	lh_Pole_occipital	-0.00601506130831186
09	lh_Pole_temporal	0.0247391037061657
09	lh_S_calcarine	0.0278185064835732
09	lh_S_central	0.0258407438446042
09	lh_S_cingul-Marginalis	0.0092691708486532
09	lh_S_circular_insula_ant	-0.00309674148935901
09	lh_S_circular_insula_inf	0.0472539293695995
09	lh_S_circular_insula_sup	0.0180818247502152
09	lh_S_collat_transv_ant	0.0285636625657792
09	lh_S_collat_transv_post	0.00488925349725822
09	lh_S_front_inf	-0.0256503053136976
09	lh_S_front_middle	-0.00468360806862744
09	lh_S_front_sup	-0.0157946963532636
09	lh_S_interm_prim-Jensen	-0.00261117591534976
09	lh_S_intrapariet_and_P_trans	0.0313169493849772
09	lh_S_oc-temp_lat	0.0354049698797816
09	lh_S_oc-temp_med_and_Lingual	0.0124417972510287
09	lh_S_oc_middle_and_Lunatus	-0.000326472022488922
09	lh_S_oc_sup_and_transversal	0.0169622863044472
09	lh_S_occipital_ant	-0.0444794981992533
09	lh_S_orbital-H_Shaped	0.0172086879469768
09	lh_S_orbital_lateral	-0.059513678101351
09	lh_S_orbital_med-olfact	-0.0279734318833578
09	lh_S_parieto_occipital	-0.0335043404188848
09	lh_S_pericallosal	0.0284140794983898
09	lh_S_postcentral	0.0394457872845662
09	lh_S_precentral-inf-part	-0.0255979665607526
09	lh_S_precentral-sup-part	-0.012070506628409
09	lh_S_suborbital	0.124479061258689
09	lh_S_subparietal	-0.015859297964635
09	lh_S_temporal_inf	0.0252056591280043
09	lh_S_temporal_sup	-0.0107004599621812
09	lh_S_temporal_transverse	0.0415768514334696
09	rh_G_Ins_lg_and_S_cent_ins	-0.0132735856588848
09	rh_G_and_S_cingul-Ant	0.0082999758908624
09	rh_G_and_S_cingul-Mid-Ant	0.011450269579897
09	rh_G_and_S_cingul-Mid-Post	-0.0183208146623208
09	rh_G_and_S_frontomargin	0.0543818839847772
09	rh_G_and_S_occipital_inf	-0.0203505888051074
09	rh_G_and_S_paracentral	-0.00570444065474529
09	rh_G_and_S_subcentral	-0.0611549151737538
09	rh_G_and_S_transv_frontopol	-0.0474711473265836
09	rh_G_cingul-Post-dorsal	0.0118213168226742
09	rh_G_cingul-Post-ventral	-0.00388833814441192
09	rh_G_cuneus	-0.0349212029979382
09	rh_G_front_inf-Opercular	-0.00220029922921317
09	rh_G_front_inf-Orbital	0.0429636793980182
09	rh_G_front_inf-Triangul	0.0407831347570786
09	rh_G_front_middle	0.00614884265149751
09	rh_G_front_sup	-0.032126415916732
09	rh_G_insular_short	-0.0340924695448885
09	rh_G_oc-temp_lat-fusifor	-0.0627792288907987
09	rh_G_oc-temp_med-Lingual	-0.0344712334119324
09	rh_G_oc-temp_med-Parahip	0.00598173179524242
09	rh_G_occipital_middle	0.0084350250689571
09	rh_G_occipital_sup	-0.0199970317372546
09	rh_G_orbital	0.00696130908333625
09	rh_G_pariet_inf-Angular	-0.0650997519259198
09	rh_G_pariet_inf-Supramar	-0.0406132294229682
09	rh_G_parietal_sup	0.0477808555826957
09	rh_G_postcentral	0.0144273638281076
09	rh_G_precentral	-0.0109527731566539
09	rh_G_precuneus	-0.00949676451420256
09	rh_G_rectus	0.045480198514551
09	rh_G_subcallosal	-0.0384921246718442
09	rh_G_temp_sup-G_T_transv	-0.00331490453072902
09	rh_G_temp_sup-Lateral	0.0101065777637208
09	rh_G_temp_sup-Plan_polar	0.0881879099643212
09	rh_G_temp_sup-Plan_tempo	-0.0227369238843789
09	rh_G_temporal_inf	0.033964725633501
09	rh_G_temporal_middle	-0.00750473901173709
09	rh_Lat_Fis-ant-Horizont	0.0946789991372743
09	rh_Lat_Fis-ant-Vertical	0.0773151193883841
09	rh_Lat_Fis-post	0.00593264466988686
09	rh_Pole_occipital	0.0512912374989831
09	rh_Pole_temporal	-0.150562880950545
09	rh_S_calcarine	-0.00702730670428497
09	rh_S_central	0.00710814550107219
09	rh_S_cingul-Marginalis	-0.0138751719581141
09	rh_S_circular_insula_ant	0.0172960965298739
09	rh_S_circular_insula_inf	0.110871265649378
09	rh_S_circular_insula_sup	0.0272959455145303
09	rh_S_collat_transv_ant	-0.036669350807716
09	rh_S_collat_transv_post	0.0528410598548028
09	rh_S_front_inf	-0.0560696077051528
09	rh_S_front_middle	0.016009676544825
09	rh_S_front_sup	-5.31033834603178e-05
09	rh_S_interm_prim-Jensen	-0.0375941265690303
09	rh_S_intrapariet_and_P_trans	-0.017085997401721
09	rh_S_oc-temp_lat	-0.0193044066560919
09	rh_S_oc-temp_med_and_Lingual	-0.0407636312370458
09	rh_S_oc_middle_and_Lunatus	0.0472611778794017
09	rh_S_oc_sup_and_transversal	-0.0185540465696175
09	rh_S_occipital_ant	0.0173763159718341
09	rh_S_orbital-H_Shaped	-0.0229351924879957
09	rh_S_orbital_lateral	0.0176796354717998
09	rh_S_orbital_med-olfact	0.029254449599704
09	rh_S_parieto_occipital	-0.0401749377046317
09	rh_S_pericallosal	-0.0170354052362933
09	rh_S_postcentral	-0.0260988041403341
09	rh_S_precentral-inf-part	-0.0371927686120648
09	rh_S_precentral-sup-part	-0.0015156149703861
09	rh_S_suborbital	-0.0298768341088094
09	rh_S_subparietal	-0.0166343747194944
09	rh_S_temporal_inf	-0.0398789761654825
09	rh_S_temporal_sup	-0.0114270063185513
09	rh_S_temporal_transverse	-0.0331941309741905
10	lh_G_Ins_lg_and_S_cent_ins	-0.0293583123779362
10	lh_G_and_S_cingul-Ant	0.0967688139663103
10	lh_G_and_S_cingul-Mid-Ant	-0.0120049564401858
10	lh_G_and_S_cingul-Mid-Post	0.0169558027863257
10	lh_G_and_S_frontomargin	0.0384649527225411
10	lh_G_and_S_occipital_inf	0.00605288609079313
10	lh_G_and_S_paracentral	0.0406651710582686
10	lh_G_and_S_subcentral	0.0295146949376015
10	lh_G_and_S_transv_frontopol	0.120196550802228
10	lh_G_cingul-Post-dorsal	-0.0462323827111142
10	lh_G_cingul-Post-ventral	0.0189068675740369
10	lh_G_cuneus	0.0475986944236411
10	lh_G_front_inf-Opercular	-0.0192004501665926
10	lh_G_front_inf-Orbital	0.030755972380172
10	lh_G_front_inf-Triangul	0.0525253853524568
10	lh_G_front_middle	-0.0548368530674503
10	lh_G_front_sup	0.0155762734123304
10	lh_G_insular_short	-0.00531120546486097
10	lh_G_oc-temp_lat-fusifor	-0.0276820576907202
10	lh_G_oc-temp_med-Lingual	-0.0612801273893586
10	lh_G_oc-temp_med-Parahip	0.0542232732248733
10	lh_G_occipital_middle	-0.0304405900522724
10	lh_G_occipital_sup	-0.0838132098807653
10	lh_G_orbital	0.0252347571165679
10	lh_G_pariet_inf-Angular	0.00545896827990866
10	lh_G_pariet_inf-Supramar	0.0193010547598869
10	lh_G_parietal_sup	-0.0348438100728892
10	lh_G_postcentral	-0.0220587662022318
10	lh_G_precentral	-0.0191188157174924
10	lh_G_precuneus	-0.0324439419283502
10	lh_G_rectus	-0.0555672268295124
10	lh_G_subcallosal	-0.0676207221071836
10	lh_G_temp_sup-G_T_transv	0.0347526931188833
10	lh_G_temp_sup-Lateral	-0.0251612384729025
10	lh_G_temp_sup-Plan_polar	0.0179992299075273
10	lh_G_temp_sup-Plan_tempo	0.00583209560540698
10	lh_G_temporal_inf	0.0265947810755049
10	lh_G_temporal_middle	-0.0132622710392214
10	lh_Lat_Fis-ant-Horizont	0.0189381310278911
10	lh_Lat_Fis-ant-Vertical	0.0129596634466722
10	lh_Lat_Fis-post	-0.0330667656298935
10	lh_Pole_occipital	0.0356420805909394
10	lh_Pole_temporal	-0.0165808930175269
10	lh_S_calcarine	0.0175015640842169
10	lh_S_central	-0.0280213226106154
10	lh_S_cingul-Marginalis	-0.0420107725350034
10	lh_S_circular_insula_ant	0.0303549960020071
10	lh_S_circular_insula_inf	0.0715258392944591
10	lh_S_circular_insula_sup	0.0473278281718574
10	lh_S_collat_transv_ant	0.0614570163729233
10	lh_S_collat_transv_post	0.0265232008051086
10	lh_S_front_inf	-0.0095672470369248
10	lh_S_front_middle	0.030297031774376
10	lh_S_front_sup	0.0093391557447644
10	lh_S_interm_prim-Jensen	-0.0330830904948769
10	lh_S_intrapariet_and_P_trans	0.012713058247372
10	lh_S_oc-temp_lat	-0.0456061996415107
10	lh_S_oc-temp_med_and_Lingual	0.0164374093795852
10	lh_S_oc_middle_and_Lunatus	0.0669048088322004
10	lh_S_oc_sup_and_transversal	-0.0302797591806234
10	lh_S_occipital_ant	-0.0183756965874604
10	lh_S_orbital-H_Shaped	0.0565078711201785
10	lh_S_orbital_lateral	-0.0359267676220334
10	lh_S_orbital_med-olfact	0.0290792496273617
10	lh_S_parieto_occipital	0.00883432060411593
10	lh_S_pericallosal	0.0563988800760065
10	lh_S_postcentral	-0.0286773497549557
10	lh_S_precentral-inf-part	0.00303208608190619
10	lh_S_precentral-sup-part	0.0344474689352543
10	lh_S_suborbital	0.0360456577800452
10	lh_S_subparietal	-0.0590206703060927
10	lh_S_temporal_inf	-0.00647555710087566
10	lh_S_temporal_sup	0.00643870322249729
10	lh_S_temporal_transverse	-0.00312076327021327
10	rh_G_Ins_lg_and_S_cent_ins	-0.0495415689836642
10	rh_G_and_S_cingul-Ant	0.122585325205653
10	rh_G_and_S_cingul-Mid-Ant	-0.0211663448338983
10	rh_G_and_S_cingul-Mid-Post	-0.0119819478233447
10	rh_G_and_S_frontomargin	-0.0123409203512708
10	rh_G_and_S_occipital_inf	-0.025740554104984
10	rh_G_and_S_paracentral	-0.019689465741398
10	rh_G_and_S_subcentral	0.0032336327793514
10	rh_G_and_S_transv_frontopol	0.0758906708399332
10	rh_G_cingul-Post-dorsal	-0.0371643127271319
10	rh_G_cingul-Post-ventral	-0.0141841632388431
10	rh_G_cuneus	-0.0416612648330901
10	rh_G_front_inf-Opercular	-0.0736200978558736
10	rh_G_front_inf-Orbital	0.0738272257701942
10	rh_G_front_inf-Triangul	0.0321685907605174
10	rh_G_front_middle	0.0671207089664394
10	rh_G_front_sup	-0.0161113863760214
10	rh_G_insular_short	-0.0195561124283827
10	rh_G_oc-temp_lat-fusifor	0.0189542281642794
10	rh_G_oc-temp_med-Lingual	-0.00605137863186034
10	rh_G_oc-temp_med-Parahip	-0.0632617151926205
10	rh_G_occipital_middle	-0.00351147556421871
10	rh_G_occipital_sup	0.00371091786724076
10	rh_G_orbital	0.00496586001799315
10	rh_G_pariet_inf-Angular	0.00261168736888528
10	rh_G_pariet_inf-Supramar	-0.0626566640100901
10	rh_G_parietal_sup	-0.0333558409053172
10	rh_G_postcentral	-0.0542002626864857
10	rh_G_precentral	-0.028202837230273
10	rh_G_precuneus	-0.0563539900212389
10	rh_G_rectus	0.141123975233277
10	rh_G_subcallosal	-0.0377561461369798
10	rh_G_temp_sup-G_T_transv	0.0407566325989634
10	rh_G_temp_sup-Lateral	0.0626587487725772
10	rh_G_temp_sup-Plan_polar	0.0162999728904856
10	rh_G_temp_sup-Plan_tempo	-0.0475557275782537
10	rh_G_temporal_inf	0.00398021404562332
10	rh_G_temporal_middle	-0.0229728841332326
10	rh_Lat_Fis-ant-Horizont	0.0733722919319595
10	rh_Lat_Fis-ant-Vertical	-0.0286599863369261
10	rh_Lat_Fis-post	-0.0690080770842547
10	rh_Pole_occipital	0.0415842344355415
10	rh_Pole_temporal	-0.095740891916666
10	rh_S_calcarine	0.00108039813671557
10	rh_S_central	-0.0303364805068371
10	rh_S_cingul-Marginalis	-0.0291762793895778
10	rh_S_circular_insula_ant	0.0722632307099369
10	rh_S_circular_insula_inf	0.0773862098074201
10	rh_S_circular_insula_sup	0.0275562120026942
10	rh_S_collat_transv_ant	0.0129820862553967
10	rh_S_collat_transv_post	-0.00884034727373795
10	rh_S_front_inf	-0.0208226270414702
10	rh_S_front_middle	-0.0088217392487211
10	rh_S_front_sup	0.0102770543857398
10	rh_S_interm_prim-Jensen	-0.0403826575945194
10	rh_S_intrapariet_and_P_trans	-0.0236765858527406
10	rh_S_oc-temp_lat	0.00479477161737751
10	rh_S_oc-temp_med_and_Lingual	0.00407547130703811
10	rh_S_oc_middle_and_Lunatus	0.0311125623718054
10	rh_S_oc_sup_and_transversal	-0.0132013056437499
10	rh_S_occipital_ant	0.0126642677623474
10	rh_S_orbital-H_Shaped	0.0236279478626447
10	rh_S_orbital_lateral	0.0524447165849331
10	rh_S_orbital_med-olfact	0.0442517536275613
10	rh_S_parieto_occipital	-0.082665169250526
10	rh_S_pericallosal	-0.0116624746109739
10	rh_S_postcentral	-0.0526972935029226
10	rh_S_precentral-inf-part	-0.0285075801612686
10	rh_S_precentral-sup-part	-0.0156920118026047
10	rh_S_suborbital	0.0829193270081774
10	rh_S_subparietal	-0.0584634107656292
10	rh_S_temporal_inf	0.0557459461085275
10	rh_S_temporal_sup	0.0413200386523309
10	rh_S_temporal_transverse	0.00920663481450035
11	lh_G_Ins_lg_and_S_cent_ins	0.0120467614456894
11	lh_G_and_S_cingul-Ant	0.0137650066007513
11	lh_G_and_S_cingul-Mid-Ant	0.0166431609995872
11	lh_G_and_S_cingul-Mid-Post	-0.0226555492210476
11	lh_G_and_S_frontomargin	0.0559163532905407
11	lh_G_and_S_occipital_inf	0.0389119751450409
11	lh_G_and_S_paracentral	-0.0356506553302456
11	lh_G_and_S_subcentral	-0.00218362304094555
11	lh_G_and_S_transv_frontopol	0.00293248589477635
11	lh_G_cingul-Post-dorsal	-0.0360563531368507
11	lh_G_cingul-Post-ventral	0.0219036417892138
11	lh_G_cuneus	0.00630220118616887
11	lh_G_front_inf-Opercular	0.00197028746671091
11	lh_G_front_inf-Orbital	0.046082263893549
11	lh_G_front_inf-Triangul	0.00131942874121904
11	lh_G_front_middle	0.00605467707209417
11	lh_G_front_sup	0.0114015790733912
11	lh_G_insular_short	0.0169825320396741
11	lh_G_oc-temp_lat-fusifor	0.0288978505428767
11	lh_G_oc-temp_med-Lingual	-0.00289658527527781
11	lh_G_oc-temp_med-Parahip	-0.0375317244090247
11	lh_G_occipital_middle	0.0150090620174632
11	lh_G_occipital_sup	-0.0197807287766967
11	lh_G_orbital	-0.0118735963165379
11	lh_G_pariet_inf-Angular	-0.00488283588567562
11	lh_G_pariet_inf-Supramar	-0.0025813938996242
11	lh_G_parietal_sup	-0.0103640155629616
11	lh_G_postcentral	-0.0365407895467795
11	lh_G_precentral	-0.0211449301286049
11	lh_G_precuneus	-0.0642801755786495
11	lh_G_rectus	0.00282034391298414
11	lh_G_subcallosal	0.00315341304937622
11	lh_G_temp_sup-G_T_transv	-0.0116114350408587
11	lh_G_temp_sup-Lateral	0.00802941316475092
11	lh_G_temp_sup-Plan_polar	-0.0256985366709186
11	lh_G_temp_sup-Plan_tempo	-0.00565810901414121
11	lh_G_temporal_inf	0.021057276508655
11	lh_G_temporal_middle	0.0491332913330922
11	lh_Lat_Fis-ant-Horizont	0.0283119478623544
11	lh_Lat_Fis-ant-Vertical	-0.00183134991176193
11	lh_Lat_Fis-post	0.0111334528167184
11	lh_Pole_occipital	-0.0144142626976862
11	lh_Pole_temporal	0.0160860740888786
11	lh_S_calcarine	-0.0223038834932074
11	lh_S_central	-0.00276768163467978
11	lh_S_cingul-Marginalis	-0.0220685974209562
11	lh_S_circular_insula_ant	0.0166306162752301
11	lh_S_circular_insula_inf	-0.0259294366319098
11	lh_S_circular_insula_sup	0.0150987104025733
11	lh_S_collat_transv_ant	-0.00433024644423163
11	lh_S_collat_transv_post	-0.0224018859789634
11	lh_S_front_inf	-0.0235228454007297
11	lh_S_front_middle	0.00806496658510625
11	lh_S_front_sup	0.00197031618623278
11	lh_S_interm_prim-Jensen	-0.0380313023830219
11	lh_S_intrapariet_and_P_trans	-0.0525122398983919
11	lh_S_oc-temp_lat	0.0395978355705369
11	lh_S_oc-temp_med_and_Lingual	0.0294037858978271
11	lh_S_oc_middle_and_Lunatus	-0.0182426548727843
11	lh_S_oc_sup_and_transversal	0.0406543468119249
11	lh_S_occipital_ant	0.0214921083488067
11	lh_S_orbital-H_Shaped	-0.00935630416735123
11	lh_S_orbital_lateral	-0.0146725396914835
11	lh_S_orbital_med-olfact	0.0209236366159642
11	lh_S_parieto_occipital	-0.0728771026911277
11	lh_S_pericallosal	-0.0284552249944552
11	lh_S_postcentral	-0.034179527236823
11	lh_S_precentral-inf-part	0.011042761537059
11	lh_S_precentral-sup-part	0.00635452575648987
11	lh_S_suborbital	0.0333273069480802
11	lh_S_subparietal	-0.0406963003061795
11	lh_S_temporal_inf	-0.00278425076573718
11	lh_S_temporal_sup	0.0108496720700701
11	lh_S_temporal_transverse	-0.00405249262402219
11	rh_G_Ins_lg_and_S_cent_ins	0.0262302506155452
11	rh_G_and_S_cingul-Ant	-0.000253112568457503
11	rh_G_and_S_cingul-Mid-Ant	-0.0100742326199645
11	rh_G_and_S_cingul-Mid-Post	-0.0113055972216785
11	rh_G_and_S_frontomargin	-0.0163507888652115
11	rh_G_and_S_occipital_inf	0.0175554124713058
11	rh_G_and_S_paracentral	-0.0282083478102848
11	rh_G_and_S_subcentral	0.0220817531052573
11	rh_G_and_S_transv_frontopol	-0.00769509499076904
11	rh_G_cingul-Post-dorsal	-0.0353969679001098
11	rh_G_cingul-Post-ventral	-9.13064195593449e-05
11	rh_G_cuneus	-0.0510197084265123
11	rh_G_front_inf-Opercular	-0.0616001957890875
11	rh_G_front_inf-Orbital	-0.0102159222119278
11	rh_G_front_inf-Triangul	-0.0105064221824023
11	rh_G_front_middle	-0.0230908063575717
11	rh_G_front_sup	-0.00209611935598009
11	rh_G_insular_short	-0.00865554943807467
11	rh_G_oc-temp_lat-fusifor	0.0524058845917317
11	rh_G_oc-temp_med-Lingual	0.00149041883756773
11	rh_G_oc-temp_med-Parahip	-0.0404821075610791
11	rh_G_occipital_middle	0.00129223945232315
11	rh_G_occipital_sup	-0.0674046207135852
11	rh_G_orbital	-0.0183430286323096
11	rh_G_pariet_inf-Angular	0.0197680287790565
11	rh_G_pariet_inf-Supramar	-0.0135650495283057
11	rh_G_parietal_sup	-0.0313807681838041
11	rh_G_postcentral	0.0269666756255234
11	rh_G_precentral	0.0177083511569167
11	rh_G_precuneus	-0.0536437825353273
11	rh_G_rectus	-0.00113064357599058
11	rh_G_subcallosal	-0.0414295884011526
11	rh_G_temp_sup-G_T_transv	0.0127416852956186
11	rh_G_temp_sup-Lateral	-0.0356055727351183
11	rh_G_temp_sup-Plan_polar	-0.0183578943551437
11	rh_G_temp_sup-Plan_tempo	-0.00475806828876646
11	rh_G_temporal_inf	-0.00517236943040444
11	rh_G_temporal_middle	0.031394451046765
11	rh_Lat_Fis-ant-Horizont	-0.00332663490471496
11	rh_Lat_Fis-ant-Vertical	-0.00111475442058406
11	rh_Lat_Fis-post	0.00272272074721691
11	rh_Pole_occipital	0.0279574836396925
11	rh_Pole_temporal	-0.0183049551438987
11	rh_S_calcarine	-0.0223261334600782
11	rh_S_central	0.00474903015285566
11	rh_S_cingul-Marginalis	0.00126149619633242
11	rh_S_circular_insula_ant	-0.0146644181925248
11	rh_S_circular_insula_inf	0.00799770604478756
11	rh_S_circular_insula_sup	-0.0444305964665501
11	rh_S_collat_transv_ant	-0.011784590984556
11	rh_S_collat_transv_post	0.0116563735258834
11	rh_S_front_inf	-0.0262324303318042
11	rh_S_front_middle	-0.00563613487991965
11	rh_S_front_sup	0.00409216784872868
11	rh_S_interm_prim-Jensen	0.000447498853342942
11	rh_S_intrapariet_and_P_trans	0.0266036286566269
11	rh_S_oc-temp_lat	0.0367777726562117
11	rh_S_oc-temp_med_and_Lingual	0.0165258183228252
11	rh_S_oc_middle_and_Lunatus	0.0103583048539067
11	rh_S_oc_sup_and_transversal	0.0469251278620213
11	rh_S_occipital_ant	0.036504651928797
11	rh_S_orbital-H_Shaped	-0.0137055011910192
11	rh_S_orbital_lateral	-0.0331602275582172
11	rh_S_orbital_med-olfact	0.0153797098292738
11	rh_S_parieto_occipital	-0.0409062318797409
11	rh_S_pericallosal	-0.0253433509628467
11	rh_S_postcentral	-0.044340392461276
11	rh_S_precentral-inf-part	-0.0535253130419866
11	rh_S_precentral-sup-part	0.0416178982451152
11	rh_S_suborbital	-0.0184879309629986
11	rh_S_subparietal	-0.0622704545836701
11	rh_S_temporal_inf	0.0150393210131314
11	rh_S_temporal_sup	-0.0114870526723498
11	rh_S_temporal_transverse	0.0110754874578962
12	lh_G_Ins_lg_and_S_cent_ins	-0.078456298910341
12	lh_G_and_S_cingul-Ant	-0.0927923580314953
12	lh_G_and_S_cingul-Mid-Ant	-0.0343934329211377
12	lh_G_and_S_cingul-Mid-Post	0.056894490210639
12	lh_G_and_S_frontomargin	-0.00657821994972352
12	lh_G_and_S_occipital_inf	-0.00364946853153381
12	lh_G_and_S_paracentral	0.0325652749123213
12	lh_G_and_S_subcentral	-0.0122294251511939
12	lh_G_and_S_transv_frontopol	-0.0128438729424376
12	lh_G_cingul-Post-dorsal	0.0407674376913176
12	lh_G_cingul-Post-ventral	-0.0646141303678771
12	lh_G_cuneus	-0.018874389574064
12	lh_G_front_inf-Opercular	0.0381197879115138
12	lh_G_front_inf-Orbital	5.59616380106931e-05
12	lh_G_front_inf-Triangul	-0.0391084494674114
12	lh_G_front_middle	-0.0415225468803317
12	lh_G_front_sup	-0.0974609044719115
12	lh_G_insular_short	-0.000507651157754196
12	lh_G_oc-temp_lat-fusifor	-0.0111925025986848
12	lh_G_oc-temp_med-Lingual	-0.0284483035424241
12	lh_G_oc-temp_med-Parahip	-0.0369798730425233
12	lh_G_occipital_middle	0.0131257923786192
12	lh_G_occipital_sup	-0.0231509878772025
12	lh_G_orbital	-0.0709743290535583
12	lh_G_pariet_inf-Angular	-0.0261262127539421
12	lh_G_pariet_inf-Supramar	-0.0610611517323694
12	lh_G_parietal_sup	-0.0305699009773148
12	lh_G_postcentral	-0.0289257122152753
12	lh_G_precentral	0.030845401842206
12	lh_G_precuneus	0.0329462398826994
12	lh_G_rectus	-0.0913137952988761
12	lh_G_subcallosal	-0.089432359820039
12	lh_G_temp_sup-G_T_transv	-0.0104711187058371
12	lh_G_temp_sup-Lateral	-0.0644029186822008
12	lh_G_temp_sup-Plan_polar	-0.0545484737603248
12	lh_G_temp_sup-Plan_tempo	-0.0678089475474568
12	lh_G_temporal_inf	-0.0438758694549488
12	lh_G_temporal_middle	-0.0468626041882896
12	lh_Lat_Fis-ant-Horizont	-0.034869469446102
12	lh_Lat_Fis-ant-Vertical	-0.0291214149592909
12	lh_Lat_Fis-post	0.00596459192595233
12	lh_Pole_occipital	-0.0245069914344365
12	lh_Pole_temporal	0.0182527125251282
12	lh_S_calcarine	0.0170539032107833
12	lh_S_central	0.0203269549995948
12	lh_S_cingul-Marginalis	0.00555235288620448
12	lh_S_circular_insula_ant	-0.0396097364150947
12	lh_S_circular_insula_inf	-0.0626181167822892
12	lh_S_circular_insula_sup	-0.00548849270211704
12	lh_S_collat_transv_ant	-0.0637332955366245
12	lh_S_collat_transv_post	-0.012580795334503
12	lh_S_front_inf	0.0361786320437876
12	lh_S_front_middle	-0.0275668612466768
12	lh_S_front_sup	-0.0424334387660537
12	lh_S_interm_prim-Jensen	-0.0397631701262586
12	lh_S_intrapariet_and_P_trans	-0.00311395474902465
12	lh_S_oc-temp_lat	0.011877346641449
12	lh_S_oc-temp_med_and_Lingual	-0.0536822213824983
12	lh_S_oc_middle_and_Lunatus	-0.0537964214590874
12	lh_S_oc_sup_and_transversal	-0.0464009699869887
12	lh_S_occipital_ant	-0.0196513688011057
12	lh_S_orbital-H_Shaped	-0.0289593996076567
12	lh_S_orbital_lateral	0.02591496209482
12	lh_S_orbital_med-olfact	-0.0405091284403758
12	lh_S_parieto_occipital	0.0365353307049485
12	lh_S_pericallosal	-0.00649798617063713
12	lh_S_postcentral	-0.00748280013936853
12	lh_S_precentral-inf-part	-0.0339525864677492
12	lh_S_precentral-sup-part	0.0343516029180293
12	lh_S_suborbital	-0.0477394928388755
12	lh_S_subparietal	0.0233227275993091
12	lh_S_temporal_inf	-0.0528318707013673
12	lh_S_temporal_sup	-0.0767076002639318
12	lh_S_temporal_transverse	-0.0420775943111575
12	rh_G_Ins_lg_and_S_cent_ins	-0.0218622749718556
12	rh_G_and_S_cingul-Ant	-0.044345964328202
12	rh_G_and_S_cingul-Mid-Ant	-0.0176232879976101
12	rh_G_and_S_cingul-Mid-Post	0.0112875899666518
12	rh_G_and_S_frontomargin	0.0633214273279341
12	rh_G_and_S_occipital_inf	0.0322217605501551
12	rh_G_and_S_paracentral	-0.00747425365174959
12	rh_G_and_S_subcentral	-0.00908189923352687
12	rh_G_and_S_transv_frontopol	-0.0958785002530682
12	rh_G_cingul-Post-dorsal	0.00954750310607455
12	rh_G_cingul-Post-ventral	0.00834701233752622
12	rh_G_cuneus	-0.0387002818067108
12	rh_G_front_inf-Opercular	0.0572212951233952
12	rh_G_front_inf-Orbital	-0.0637587906111285
12	rh_G_front_inf-Triangul	-0.00831679474461566
12	rh_G_front_middle	-0.017382895973201
12	rh_G_front_sup	-0.0544871099688402
12	rh_G_insular_short	-0.0389328573261398
12	rh_G_oc-temp_lat-fusifor	-0.00920914861025235
12	rh_G_oc-temp_med-Lingual	-0.012494569247024
12	rh_G_oc-temp_med-Parahip	0.00851534844449464
12	rh_G_occipital_middle	-0.000183839261007179
12	rh_G_occipital_sup	-0.00296996453726361
12	rh_G_orbital	-0.120071046349308
12	rh_G_pariet_inf-Angular	0.0257852870778779
12	rh_G_pariet_inf-Supramar	-0.0160338361231798
12	rh_G_parietal_sup	0.0595828698459062
12	rh_G_postcentral	0.0177665434574843
12	rh_G_precentral	-0.0221332817605271
12	rh_G_precuneus	-0.0423873726840931
12	rh_G_rectus	-0.0457980969978395
12	rh_G_subcallosal	-0.0272073448566941
12	rh_G_temp_sup-G_T_transv	-0.0345311878700754
12	rh_G_temp_sup-Lateral	-0.0169301762150988
12	rh_G_temp_sup-Plan_polar	0.00898695940769212
12	rh_G_temp_sup-Plan_tempo	0.0191139329087902
12	rh_G_temporal_inf	-0.0309139222250421
12	rh_G_temporal_middle	-0.0377211984459498
12	rh_Lat_Fis-ant-Horizont	-0.0200625257711087
12	rh_Lat_Fis-ant-Vertical	0.0743715452221361
12	rh_Lat_Fis-post	-0.0380725415024363
12	rh_Pole_occipital	0.00280970097915922
12	rh_Pole_temporal	-0.0579309778266017
12	rh_S_calcarine	0.0428425626600353
12	rh_S_central	0.00231323545603601
12	rh_S_cingul-Marginalis	0.00194822242014858
12	rh_S_circular_insula_ant	-0.051670099934265
12	rh_S_circular_insula_inf	0.0282629479293695
12	rh_S_circular_insula_sup	0.0339474656850216
12	rh_S_collat_transv_ant	0.0101923181414714
12	rh_S_collat_transv_post	-0.01489967545431
12	rh_S_front_inf	-0.0510425793938865
12	rh_S_front_middle	0.0817673511429291
12	rh_S_front_sup	-0.0152362700816502
12	rh_S_interm_prim-Jensen	0.009710973394772
12	rh_S_intrapariet_and_P_trans	-0.0381641562935693
12	rh_S_oc-temp_lat	-0.0595155932948046
12	rh_S_oc-temp_med_and_Lingual	-0.0225847658963634
12	rh_S_oc_middle_and_Lunatus	0.0382731883227594
12	rh_S_oc_sup_and_transversal	-0.00604984307357448
12	rh_S_occipital_ant	-0.0390984685855047
12	rh_S_orbital-H_Shaped	-0.0663205896429053
12	rh_S_orbital_lateral	-0.0347774426833318
12	rh_S_orbital_med-olfact	-0.0946039662927749
12	rh_S_parieto_occipital	0.00514546939539962
12	rh_S_pericallosal	-0.0484533902895832
12	rh_S_postcentral	-0.0816752269534442
12	rh_S_precentral-inf-part	-0.0812464631454368
12	rh_S_precentral-sup-part	-0.063667929492567
12	rh_S_suborbital	-0.0554583239256354
12	rh_S_subparietal	-0.0131891176069461
12	rh_S_temporal_inf	0.00867256656644955
12	rh_S_temporal_sup	-0.0105199811932666
12	rh_S_temporal_transverse	-0.0385590286868096
13	lh_G_Ins_lg_and_S_cent_ins	0.0114759358663497
13	lh_G_and_S_cingul-Ant	-0.0166444882079624
13	lh_G_and_S_cingul-Mid-Ant	-0.0190159896291808
13	lh_G_and_S_cingul-Mid-Post	-0.0339546968014321
13	lh_G_and_S_frontomargin	-0.00375837415304048
13	lh_G_and_S_occipital_inf	-0.0057405596291602
13	lh_G_and_S_paracentral	0.0180011348089772
13	lh_G_and_S_subcentral	0.0703863661535795
13	lh_G_and_S_transv_frontopol	0.00586090646498416
13	lh_G_cingul-Post-dorsal	0.00575071512826497
13	lh_G_cingul-Post-ventral	0.00992622367074958
13	lh_G_cuneus	0.025992280453254
13	lh_G_front_inf-Opercular	-0.0275031890376596
13	lh_G_front_inf-Orbital	0.00145684998573348
13	lh_G_front_inf-Triangul	0.0370369365479748
13	lh_G_front_middle	0.0285904941925939
13	lh_G_front_sup	0.0245617679610346
13	lh_G_insular_short	0.0349684462955686
13	lh_G_oc-temp_lat-fusifor	0.0218424078548765
13	lh_G_oc-temp_med-Lingual	-0.0280283033419151
13	lh_G_oc-temp_med-Parahip	0.0112188105540962
13	lh_G_occipital_middle	-0.00801018734885339
13	lh_G_occipital_sup	0.096769715222834
13	lh_G_orbital	0.0212771500516888
13	lh_G_pariet_inf-Angular	0.0147794145619553
13	lh_G_pariet_inf-Supramar	0.0342191823987719
13	lh_G_parietal_sup	0.0437905208443672
13	lh_G_postcentral	0.071588895621451
13	lh_G_precentral	0.0766883418675279
13	lh_G_precuneus	-0.0321523320259418
13	lh_G_rectus	-0.0130148325025354
13	lh_G_subcallosal	0.00381762589769963
13	lh_G_temp_sup-G_T_transv	0.0387819208690612
13	lh_G_temp_sup-Lateral	0.0842649246571652
13	lh_G_temp_sup-Plan_polar	-0.00437723247442268
13	lh_G_temp_sup-Plan_tempo	0.0579449967402379
13	lh_G_temporal_inf	-0.00552020847239376
13	lh_G_temporal_middle	-0.01387431357435
13	lh_Lat_Fis-ant-Horizont	-0.0160257065130232
13	lh_Lat_Fis-ant-Vertical	0.0923541724743346
13	lh_Lat_Fis-post	0.0339510721622052
13	lh_Pole_occipital	-0.0074081742188925
13	lh_Pole_temporal	0.0173447734820718
13	lh_S_calcarine	-0.0289521875317407
13	lh_S_central	0.0747037188644741
13	lh_S_cingul-Marginalis	0.0212176396216472
13	lh_S_circular_insula_ant	0.0370490726357495
13	lh_S_circular_insula_inf	-0.0192937109358029
13	lh_S_circular_insula_sup	0.0296393376034096
13	lh_S_collat_transv_ant	0.0216667652150413
13	lh_S_collat_transv_post	0.000670637265185903
13	lh_S_front_inf	0.0085152448016963
13	lh_S_front_middle	-0.00242341199589813
13	lh_S_front_sup	0.0332554979792743
13	lh_S_interm_prim-Jensen	0.051058283586733
13	lh_S_intrapariet_and_P_trans	-0.0205820811954531
13	lh_S_oc-temp_lat	-0.0100018490108278
13	lh_S_oc-temp_med_and_Lingual	0.0258050052045062
13	lh_S_oc_middle_and_Lunatus	0.0154578195211492
13	lh_S_oc_sup_and_transversal	0.054188778884674
13	lh_S_occipital_ant	0.027838085586807
13	lh_S_orbital-H_Shaped	0.00217275449006671
13	lh_S_orbital_lateral	0.00214187975734959
13	lh_S_orbital_med-olfact	0.0226317137043779
13	lh_S_parieto_occipital	0.036100358919156
13	lh_S_pericallosal	-0.0222513827755337
13	lh_S_postcentral	0.0546372170534957
13	lh_S_precentral-inf-part	0.0327523045027238
13	lh_S_precentral-sup-part	0.0881548562212773
13	lh_S_suborbital	-0.00685190518476109
13	lh_S_subparietal	-0.0249141965707373
13	lh_S_temporal_inf	0.0127527458940699
13	lh_S_temporal_sup	0.0225989137899898
13	lh_S_temporal_transverse	0.027973916679505
13	rh_G_Ins_lg_and_S_cent_ins	0.0125402154001701
13	rh_G_and_S_cingul-Ant	-0.0452348532737554
13	rh_G_and_S_cingul-Mid-Ant	-0.044042232969506
13	rh_G_and_S_cingul-Mid-Post	-0.0338787318676088
13	rh_G_and_S_frontomargin	0.0576967069389669
13	rh_G_and_S_occipital_inf	0.0331599971735592
13	rh_G_and_S_paracentral	-0.016087119617036
13	rh_G_and_S_subcentral	0.0401740410235529
13	rh_G_and_S_transv_frontopol	0.0451412271872673
13	rh_G_cingul-Post-dorsal	0.0195819665237034
13	rh_G_cingul-Post-ventral	0.00805449929522872
13	rh_G_cuneus	-0.0379350937256051
13	rh_G_front_inf-Opercular	0.0224918753488232
13	rh_G_front_inf-Orbital	0.090705702028143
13	rh_G_front_inf-Triangul	0.00856593414204809
13	rh_G_front_middle	0.00899781083071449
13	rh_G_front_sup	-0.0477625051897252
13	rh_G_insular_short	-0.0235415894491391
13	rh_G_oc-temp_lat-fusifor	0.039403600794782
13	rh_G_oc-temp_med-Lingual	-0.0337915387219736
13	rh_G_oc-temp_med-Parahip	0.0383922197302295
13	rh_G_occipital_middle	-0.013725917331989
13	rh_G_occipital_sup	-0.0139688545732435
13	rh_G_orbital	0.057994222967527
13	rh_G_pariet_inf-Angular	-0.0281008401268537
13	rh_G_pariet_inf-Supramar	0.00222141673795306
13	rh_G_parietal_sup	-0.0141923984076824
13	rh_G_postcentral	0.0249518016372354
13	rh_G_precentral	0.104107009792973
13	rh_G_precuneus	-0.0067601289725383
13	rh_G_rectus	-0.00662984939312139
13	rh_G_subcallosal	-0.00602247759888197
13	rh_G_temp_sup-G_T_transv	0.0852804769313273
13	rh_G_temp_sup-Lateral	0.149512132096918
13	rh_G_temp_sup-Plan_polar	0.0723989755813088
13	rh_G_temp_sup-Plan_tempo	0.00220214266228957
13	rh_G_temporal_inf	0.0595086377121392
13	rh_G_temporal_middle	-0.00507495494221732
13	rh_Lat_Fis-ant-Horizont	0.112950966063301
13	rh_Lat_Fis-ant-Vertical	0.145893065314276
13	rh_Lat_Fis-post	0.0708782884741916
13	rh_Pole_occipital	0.0668620416923904
13	rh_Pole_temporal	0.0678423849734147
13	rh_S_calcarine	-0.00717925732814351
13	rh_S_central	0.075552163513823
13	rh_S_cingul-Marginalis	-0.0725131148181761
13	rh_S_circular_insula_ant	0.0838633895224845
13	rh_S_circular_insula_inf	0.11590310174484
13	rh_S_circular_insula_sup	0.0421171636090198
13	rh_S_collat_transv_ant	0.0707887237188798
13	rh_S_collat_transv_post	-0.0213626894847732
13	rh_S_front_inf	0.126948208660677
13	rh_S_front_middle	0.0739585137956071
13	rh_S_front_sup	0.044245108207738
13	rh_S_interm_prim-Jensen	-0.0512980455461101
13	rh_S_intrapariet_and_P_trans	0.0332478974583115
13	rh_S_oc-temp_lat	0.0238287684655232
13	rh_S_oc-temp_med_and_Lingual	0.0312832372127634
13	rh_S_oc_middle_and_Lunatus	0.0234441214103231
13	rh_S_oc_sup_and_transversal	-0.0241635724008207
13	rh_S_occipital_ant	0.00850822233427717
13	rh_S_orbital-H_Shaped	0.0393107258025012
13	rh_S_orbital_lateral	0.0639870210018296
13	rh_S_orbital_med-olfact	0.0536357262509881
13	rh_S_parieto_occipital	-0.0480277925311636
13	rh_S_pericallosal	0.0332620907035217
13	rh_S_postcentral	0.0178664743599954
13	rh_S_precentral-inf-part	0.0527455820797638
13	rh_S_precentral-sup-part	0.00509483640627195
13	rh_S_suborbital	-0.0161983230600597
13	rh_S_subparietal	-0.0156261749254973
13	rh_S_temporal_inf	0.0688608726945654
13	rh_S_temporal_sup	0.0259636640086507
13	rh_S_temporal_transverse	0.0991875725415863
14	lh_G_Ins_lg_and_S_cent_ins	-0.0281413762722966
14	lh_G_and_S_cingul-Ant	0.123441439791497
14	lh_G_and_S_cingul-Mid-Ant	0.0442652420364062
14	lh_G_and_S_cingul-Mid-Post	0.0560162341193999
14	lh_G_and_S_frontomargin	-0.00165509984113754
14	lh_G_and_S_occipital_inf	0.00380038417507134
14	lh_G_and_S_paracentral	0.0794759072708322
14	lh_G_and_S_subcentral	0.0558931084853995
14	lh_G_and_S_transv_frontopol	0.0286046572982395
14	lh_G_cingul-Post-dorsal	0.0637375611938023
14	lh_G_cingul-Post-ventral	-0.0359761060737398
14	lh_G_cuneus	0.0888776835689002
14	lh_G_front_inf-Opercular	0.0496901212387959
14	lh_G_front_inf-Orbital	0.0137805476545969
14	lh_G_front_inf-Triangul	0.032021985308476
14	lh_G_front_middle	-0.0154125833382377
14	lh_G_front_sup	0.0619655211392498
14	lh_G_insular_short	0.0318253227930656
14	lh_G_oc-temp_lat-fusifor	0.029667082323158
14	lh_G_oc-temp_med-Lingual	0.15302065629199
14	lh_G_oc-temp_med-Parahip	0.104373787731798
14	lh_G_occipital_middle	0.0232679498714532
14	lh_G_occipital_sup	0.00871443010812989
14	lh_G_orbital	0.143094485244612
14	lh_G_pariet_inf-Angular	0.0116208919878407
14	lh_G_pariet_inf-Supramar	0.0916885635822275
14	lh_G_parietal_sup	0.0609890560471555
14	lh_G_postcentral	0.0754860945745355
14	lh_G_precentral	0.00763328945197461
14	lh_G_precuneus	0.0682574527719444
14	lh_G_rectus	0.00843573296013744
14	lh_G_subcallosal	-0.0381417848027334
14	lh_G_temp_sup-G_T_transv	0.0935350570496718
14	lh_G_temp_sup-Lateral	0.0345637939199399
14	lh_G_temp_sup-Plan_polar	0.155644590752278
14	lh_G_temp_sup-Plan_tempo	0.0905399179445299
14	lh_G_temporal_inf	0.117647116382923
14	lh_G_temporal_middle	0.0649697843021286
14	lh_Lat_Fis-ant-Horizont	0.0124076230521482
14	lh_Lat_Fis-ant-Vertical	0.052688580395432
14	lh_Lat_Fis-post	0.025380404158402
14	lh_Pole_occipital	0.0546738354984395
14	lh_Pole_temporal	0.066254266242038
14	lh_S_calcarine	0.107932736586058
14	lh_S_central	0.0395898809144253
14	lh_S_cingul-Marginalis	0.0746361531168835
14	lh_S_circular_insula_ant	0.0322352179832732
14	lh_S_circular_insula_inf	0.0173838665128363
14	lh_S_circular_insula_sup	0.0392512933274851
14	lh_S_collat_transv_ant	0.047771356263568
14	lh_S_collat_transv_post	0.0479234468843561
14	lh_S_front_inf	0.0521113847397281
14	lh_S_front_middle	0.00366120377369672
14	lh_S_front_sup	0.0083032593055119
14	lh_S_interm_prim-Jensen	0.0423185452834094
14	lh_S_intrapariet_and_P_trans	0.0608633071445874
14	lh_S_oc-temp_lat	0.0475100802606692
14	lh_S_oc-temp_med_and_Lingual	0.0663938852782993
14	lh_S_oc_middle_and_Lunatus	0.088899480439272
14	lh_S_oc_sup_and_transversal	0.0503375029954194
14	lh_S_occipital_ant	0.0181075558157398
14	lh_S_orbital-H_Shaped	0.106421036926929
14	lh_S_orbital_lateral	0.0182932584648849
14	lh_S_orbital_med-olfact	0.0688687710075477
14	lh_S_parieto_occipital	0.0261465764078528
14	lh_S_pericallosal	0.0550557176431559
14	lh_S_postcentral	0.072031829482885
14	lh_S_precentral-inf-part	0.0229741374817793
14	lh_S_precentral-sup-part	0.0114673858702936
14	lh_S_suborbital	0.0397571698027566
14	lh_S_subparietal	0.063201027691119
14	lh_S_temporal_inf	0.0685675630613352
14	lh_S_temporal_sup	0.0287201158991683
14	lh_S_temporal_transverse	0.0564106100011426
14	rh_G_Ins_lg_and_S_cent_ins	0.0367196477367466
14	rh_G_and_S_cingul-Ant	0.115267102578277
14	rh_G_and_S_cingul-Mid-Ant	0.0383975777410921
14	rh_G_and_S_cingul-Mid-Post	0.0682477725483999
14	rh_G_and_S_frontomargin	0.00438190207704636
14	rh_G_and_S_occipital_inf	0.0629180013062278
14	rh_G_and_S_paracentral	0.0238762405405675
14	rh_G_and_S_subcentral	0.184332696193585
14	rh_G_and_S_transv_frontopol	0.000605060619299991
14	rh_G_cingul-Post-dorsal	0.0775683673394107
14	rh_G_cingul-Post-ventral	0.0507650055035338
14	rh_G_cuneus	-0.013893895047187
14	rh_G_front_inf-Opercular	0.0159422864275571
14	rh_G_front_inf-Orbital	-0.010463467545633
14	rh_G_front_inf-Triangul	0.0757585910746528
14	rh_G_front_middle	0.060605593040016
14	rh_G_front_sup	0.0591141790209893
14	rh_G_insular_short	0.0342530401506407
14	rh_G_oc-temp_lat-fusifor	0.0571944109100091
14	rh_G_oc-temp_med-Lingual	0.101814592902502
14	rh_G_oc-temp_med-Parahip	0.0853808690914288
14	rh_G_occipital_middle	0.0574334081267089
14	rh_G_occipital_sup	-0.00529316635258592
14	rh_G_orbital	0.0571397354125418
14	rh_G_pariet_inf-Angular	0.0916407418420713
14	rh_G_pariet_inf-Supramar	0.0718044598502807
14	rh_G_parietal_sup	0.0152173914838158
14	rh_G_postcentral	0.11136530327962
14	rh_G_precentral	0.0351885841837847
14	rh_G_precuneus	0.06445085927015
14	rh_G_rectus	0.0695717951884136
14	rh_G_subcallosal	-0.00126484479971367
14	rh_G_temp_sup-G_T_transv	0.200991955469337
14	rh_G_temp_sup-Lateral	0.0359676682330967
14	rh_G_temp_sup-Plan_polar	0.077887907526824
14	rh_G_temp_sup-Plan_tempo	0.0674735697143207
14	rh_G_temporal_inf	0.0651049922509532
14	rh_G_temporal_middle	0.147931311106018
14	rh_Lat_Fis-ant-Horizont	0.0452415695085699
14	rh_Lat_Fis-ant-Vertical	0.0690825304273419
14	rh_Lat_Fis-post	0.0610408341780184
14	rh_Pole_occipital	0.0223021247612785
14	rh_Pole_temporal	0.0654473794768959
14	rh_S_calcarine	0.0637446437278273
14	rh_S_central	0.0776501646050622
14	rh_S_cingul-Marginalis	0.0727604196582101
14	rh_S_circular_insula_ant	-0.00454531084367993
14	rh_S_circular_insula_inf	0.109060842173434
14	rh_S_circular_insula_sup	0.0391530734140337
14	rh_S_collat_transv_ant	0.109690650731713
14	rh_S_collat_transv_post	0.0267754436739107
14	rh_S_front_inf	0.0628137725946241
14	rh_S_front_middle	0.10136905094441
14	rh_S_front_sup	0.022474122409756
14	rh_S_interm_prim-Jensen	0.0602554837235543
14	rh_S_intrapariet_and_P_trans	0.0117173120343015
14	rh_S_oc-temp_lat	0.00304663017167872
14	rh_S_oc-temp_med_and_Lingual	0.0697809955940043
14	rh_S_oc_middle_and_Lunatus	0.0151275470880146
14	rh_S_oc_sup_and_transversal	0.00156643221839214
14	rh_S_occipital_ant	0.0240529850283959
14	rh_S_orbital-H_Shaped	0.0775782780601961
14	rh_S_orbital_lateral	0.0492561731496979
14	rh_S_orbital_med-olfact	0.0361653993608337
14	rh_S_parieto_occipital	0.0578029746555986
14	rh_S_pericallosal	0.0999270215938415
14	rh_S_postcentral	-0.0102270268192779
14	rh_S_precentral-inf-part	0.0684008773352938
14	rh_S_precentral-sup-part	0.0532403229284633
14	rh_S_suborbital	0.0720872699339479
14	rh_S_subparietal	0.072820536116545
14	rh_S_temporal_inf	0.0949709724345649
14	rh_S_temporal_sup	0.0459362599688644
14	rh_S_temporal_transverse	0.214025673389355
15	lh_G_Ins_lg_and_S_cent_ins	0.0075229499860745
15	lh_G_and_S_cingul-Ant	-0.0867708034488643
15	lh_G_and_S_cingul-Mid-Ant	-0.0255048772097251
15	lh_G_and_S_cingul-Mid-Post	-0.0247968454494512
15	lh_G_and_S_frontomargin	-0.0270816286726463
15	lh_G_and_S_occipital_inf	0.00566291731824187
15	lh_G_and_S_paracentral	0.0211750980033205
15	lh_G_and_S_subcentral	-0.0184638767406851
15	lh_G_and_S_transv_frontopol	0.00645046261060145
15	lh_G_cingul-Post-dorsal	-0.0091451827904665
15	lh_G_cingul-Post-ventral	0.05663191772934
15	lh_G_cuneus	-0.0595122191854722
15	lh_G_front_inf-Opercular	-0.0135811891655448
15	lh_G_front_inf-Orbital	-0.0828617583665059
15	lh_G_front_inf-Triangul	-0.101456177944478
15	lh_G_front_middle	-0.0151098500387068
15	lh_G_front_sup	-0.038415023859752
15	lh_G_insular_short	-0.0550086342548664
15	lh_G_oc-temp_lat-fusifor	0.0259461177115261
15	lh_G_oc-temp_med-Lingual	-6.26923193820517e-05
15	lh_G_oc-temp_med-Parahip	-0.0633435914904608
15	lh_G_occipital_middle	0.00228132087366895
15	lh_G_occipital_sup	0.0299906511286032
15	lh_G_orbital	0.000695821691672371
15	lh_G_pariet_inf-Angular	0.0243643732926628
15	lh_G_pariet_inf-Supramar	-0.0409858348139815
15	lh_G_parietal_sup	0.022190205685777
15	lh_G_postcentral	-0.00793840834332293
15	lh_G_precentral	-0.00243107763593997
15	lh_G_precuneus	0.0508061795678589
15	lh_G_rectus	-0.0653310955799951
15	lh_G_subcallosal	-0.0200772534852822
15	lh_G_temp_sup-G_T_transv	-0.0484974617421035
15	lh_G_temp_sup-Lateral	-0.0831796995624945
15	lh_G_temp_sup-Plan_polar	-0.0774466598732575
15	lh_G_temp_sup-Plan_tempo	-0.0448099422288424
15	lh_G_temporal_inf	-2.87553280662323e-05
15	lh_G_temporal_middle	-0.00628393845259811
15	lh_Lat_Fis-ant-Horizont	-0.112703012930873
15	lh_Lat_Fis-ant-Vertical	-0.0653883466101366
15	lh_Lat_Fis-post	-0.0372246466561199
15	lh_Pole_occipital	-0.0344492424677556
15	lh_Pole_temporal	-0.0156353885039673
15	lh_S_calcarine	-0.0273699293079144
15	lh_S_central	0.00239878634094026
15	lh_S_cingul-Marginalis	0.00237906790610509
15	lh_S_circular_insula_ant	-0.0383145514111254
15	lh_S_circular_insula_inf	-0.0481951204896633
15	lh_S_circular_insula_sup	-0.0583319846731412
15	lh_S_collat_transv_ant	-0.0171309505073731
15	lh_S_collat_transv_post	-0.0358999339150579
15	lh_S_front_inf	0.0270431734376846
15	lh_S_front_middle	-0.0304360425407637
15	lh_S_front_sup	0.0341223126340893
15	lh_S_interm_prim-Jensen	0.00282794683734977
15	lh_S_intrapariet_and_P_trans	-0.00779334004576349
15	lh_S_oc-temp_lat	0.0377589463788839
15	lh_S_oc-temp_med_and_Lingual	-0.00562808646517254
15	lh_S_oc_middle_and_Lunatus	-0.0240450922935755
15	lh_S_oc_sup_and_transversal	-0.0538037063895924
15	lh_S_occipital_ant	0.00207345302123763
15	lh_S_orbital-H_Shaped	0.0194029661147272
15	lh_S_orbital_lateral	-0.0909325170500104
15	lh_S_orbital_med-olfact	0.02024356287827
15	lh_S_parieto_occipital	0.00877327539866624
15	lh_S_pericallosal	-0.0716311301630128
15	lh_S_postcentral	0.049868286514565
15	lh_S_precentral-inf-part	-0.0416933274888214
15	lh_S_precentral-sup-part	-0.0330419306197109
15	lh_S_suborbital	-0.0395085021767674
15	lh_S_subparietal	0.0790907491980182
15	lh_S_temporal_inf	-0.0013212557286657
15	lh_S_temporal_sup	-0.0158730043917359
15	lh_S_temporal_transverse	-0.0577198419214442
15	rh_G_Ins_lg_and_S_cent_ins	-0.062492780518963
15	rh_G_and_S_cingul-Ant	-0.0123961057731483
15	rh_G_and_S_cingul-Mid-Ant	-0.0126543783253759
15	rh_G_and_S_cingul-Mid-Post	-0.0693638963581584
15	rh_G_and_S_frontomargin	-0.00622435016285827
15	rh_G_and_S_occipital_inf	0.0184241235203118
15	rh_G_and_S_paracentral	-0.00192334654453585
15	rh_G_and_S_subcentral	-0.00386805832392589
15	rh_G_and_S_transv_frontopol	-0.0151328698409898
15	rh_G_cingul-Post-dorsal	0.0293920103834386
15	rh_G_cingul-Post-ventral	-0.00457838564969926
15	rh_G_cuneus	0.00465942003599373
15	rh_G_front_inf-Opercular	-0.00606661895428129
15	rh_G_front_inf-Orbital	0.0299725134619511
15	rh_G_front_inf-Triangul	0.00270011387602764
15	rh_G_front_middle	-0.0504229217721148
15	rh_G_front_sup	0.00556091643937151
15	rh_G_insular_short	-0.100425624973505
15	rh_G_oc-temp_lat-fusifor	0.0339996013359292
15	rh_G_oc-temp_med-Lingual	-0.0102746287885314
15	rh_G_oc-temp_med-Parahip	0.0311418927118252
15	rh_G_occipital_middle	0.0131607312111788
15	rh_G_occipital_sup	-0.0033424480651707
15	rh_G_orbital	-0.0301863637426187
15	rh_G_pariet_inf-Angular	0.00721492663818424
15	rh_G_pariet_inf-Supramar	0.00109433881214471
15	rh_G_parietal_sup	0.0403316233773587
15	rh_G_postcentral	0.0411768288050789
15	rh_G_precentral	-0.023920099689227
15	rh_G_precuneus	0.0537330105523495
15	rh_G_rectus	0.0286790823172716
15	rh_G_subcallosal	-0.058456229538705
15	rh_G_temp_sup-G_T_transv	-0.00910009882387453
15	rh_G_temp_sup-Lateral	-0.0515351208525594
15	rh_G_temp_sup-Plan_polar	-0.0029168470891916
15	rh_G_temp_sup-Plan_tempo	-0.00634209256828111
15	rh_G_temporal_inf	-0.00793169504823688
15	rh_G_temporal_middle	0.017708143247618
15	rh_Lat_Fis-ant-Horizont	0.0156679203865577
15	rh_Lat_Fis-ant-Vertical	0.0179711754057195
15	rh_Lat_Fis-post	-0.033326303066648
15	rh_Pole_occipital	0.0248635223400493
15	rh_Pole_temporal	-0.0609462103819691
15	rh_S_calcarine	-0.000362406178918029
15	rh_S_central	0.0268957958555838
15	rh_S_cingul-Marginalis	0.0444049638794679
15	rh_S_circular_insula_ant	0.0153532199613959
15	rh_S_circular_insula_inf	0.00307224460692979
15	rh_S_circular_insula_sup	0.00212990832059123
15	rh_S_collat_transv_ant	0.0462204938029744
15	rh_S_collat_transv_post	0.0197829661464448
15	rh_S_front_inf	0.00433909198652582
15	rh_S_front_middle	0.0144549316196345
15	rh_S_front_sup	-0.0144521301923053
15	rh_S_interm_prim-Jensen	-0.0183971888750589
15	rh_S_intrapariet_and_P_trans	0.0298335114582269
15	rh_S_oc-temp_lat	-0.0192767315628588
15	rh_S_oc-temp_med_and_Lingual	0.0402288311304622
15	rh_S_oc_middle_and_Lunatus	0.0895553749141786
15	rh_S_oc_sup_and_transversal	0.0268860449396113
15	rh_S_occipital_ant	0.0297528906657609
15	rh_S_orbital-H_Shaped	-0.00637872997884248
15	rh_S_orbital_lateral	-0.0189437107289443
15	rh_S_orbital_med-olfact	0.000212405312934649
15	rh_S_parieto_occipital	-0.0222637673694495
15	rh_S_pericallosal	-0.0746522558920937
15	rh_S_postcentral	-0.00581714507737896
15	rh_S_precentral-inf-part	-0.012266916260157
15	rh_S_precentral-sup-part	0.00802253479024273
15	rh_S_suborbital	-0.0328156266199127
15	rh_S_subparietal	0.0366177150353062
15	rh_S_temporal_inf	0.12957684851725
15	rh_S_temporal_sup	0.0529930429568246
15	rh_S_temporal_transverse	-0.0220746831598966
