label,mean_effect,pplus,lower95,upper95,significant,effect_direction
lh_G_and_S_cingul-Ant,0.0056,0.8812,-0.0042,0.0155,FALSE,positive
lh_G_and_S_cingul-Mid-Ant,0.0056,0.8868,-0.004,0.0154,FALSE,positive
lh_G_and_S_cingul-Mid-Post,0.0061,0.9039,-0.0036,0.0162,FALSE,positive
lh_G_and_S_frontomargin,0.0059,0.8963,-0.0038,0.0158,FALSE,positive
lh_G_and_S_occipital_inf,0.0055,0.876,-0.0045,0.0155,FALSE,positive
lh_G_and_S_paracentral,0.0058,0.8892,-0.0041,0.0158,FALSE,positive
lh_G_and_S_subcentral,0.0068,0.9055,-0.0036,0.0184,FALSE,positive
lh_G_and_S_transv_frontopol,0.0052,0.8655,-0.005,0.0152,FALSE,positive
lh_G_cingul-Post-dorsal,0.0057,0.8918,-0.004,0.0157,FALSE,positive
lh_G_cingul-Post-ventral,0.0061,0.9022,-0.0034,0.0161,FALSE,positive
lh_G_cuneus,0.0056,0.8804,-0.0043,0.0158,FALSE,positive
lh_G_front_inf-Opercular,0.0058,0.8944,-0.0037,0.0157,FALSE,positive
lh_G_front_inf-Orbital,0.0058,0.889,-0.0039,0.0155,FALSE,positive
lh_G_front_inf-Triangul,0.0059,0.8964,-0.0037,0.0159,FALSE,positive
lh_G_front_middle,0.0054,0.8748,-0.0045,0.0154,FALSE,positive
lh_G_front_sup,0.0054,0.874,-0.0044,0.0153,FALSE,positive
lh_G_Ins_lg_and_S_cent_ins,0.0062,0.9023,-0.0035,0.0162,FALSE,positive
lh_G_insular_short,0.006,0.8976,-0.0036,0.0158,FALSE,positive
lh_G_oc-temp_lat-fusifor,0.0059,0.8941,-0.0039,0.0159,FALSE,positive
lh_G_oc-temp_med-Lingual,0.0056,0.8812,-0.0042,0.0155,FALSE,positive
lh_G_oc-temp_med-Parahip,0.0062,0.9064,-0.0034,0.0161,FALSE,positive
lh_G_occipital_middle,0.0054,0.8744,-0.005,0.0153,FALSE,positive
lh_G_occipital_sup,0.0055,0.8811,-0.0046,0.0153,FALSE,positive
lh_G_orbital,0.0062,0.902,-0.0038,0.0167,FALSE,positive
lh_G_pariet_inf-Angular,0.0056,0.8864,-0.0042,0.0155,FALSE,positive
lh_G_pariet_inf-Supramar,0.0068,0.9072,-0.0035,0.0181,FALSE,positive
lh_G_parietal_sup,0.0053,0.8694,-0.0046,0.0152,FALSE,positive
lh_G_postcentral,0.0062,0.9056,-0.0034,0.0163,FALSE,positive
lh_G_precentral,0.0061,0.9027,-0.0036,0.0163,FALSE,positive
lh_G_precuneus,0.0053,0.8712,-0.0047,0.0152,FALSE,positive
lh_G_rectus,0.0058,0.8945,-0.004,0.0158,FALSE,positive
lh_G_subcallosal,0.0059,0.8943,-0.0039,0.0158,FALSE,positive
lh_G_temp_sup-G_T_transv,0.0081,0.8932,-0.0051,0.0254,FALSE,positive
lh_G_temp_sup-Lateral,0.0059,0.8902,-0.004,0.0158,FALSE,positive
lh_G_temp_sup-Plan_polar,0.0058,0.8906,-0.0041,0.0157,FALSE,positive
lh_G_temp_sup-Plan_tempo,0.0073,0.9021,-0.004,0.021,FALSE,positive
lh_G_temporal_inf,0.0061,0.9008,-0.0037,0.0163,FALSE,positive
lh_G_temporal_middle,0.0058,0.8901,-0.0042,0.0158,FALSE,positive
lh_Lat_Fis-ant-Horizont,0.0057,0.8868,-0.004,0.0155,FALSE,positive
lh_Lat_Fis-ant-Vertical,0.006,0.8959,-0.0039,0.016,FALSE,positive
lh_Lat_Fis-post,0.0064,0.9068,-0.0033,0.0167,FALSE,positive
lh_Pole_occipital,0.0054,0.8733,-0.0045,0.0153,FALSE,positive
lh_Pole_temporal,0.0053,0.875,-0.0045,0.0149,FALSE,positive
lh_S_calcarine,0.0059,0.895,-0.0037,0.0159,FALSE,positive
lh_S_central,0.0063,0.9034,-0.0036,0.0167,FALSE,positive
lh_S_cingul-Marginalis,0.0059,0.8918,-0.0039,0.0159,FALSE,positive
lh_S_circular_insula_ant,0.0058,0.8907,-0.0039,0.0156,FALSE,positive
lh_S_circular_insula_inf,0.006,0.8989,-0.0037,0.0159,FALSE,positive
lh_S_circular_insula_sup,0.0062,0.9035,-0.0037,0.0164,FALSE,positive
lh_S_collat_transv_ant,0.0061,0.9042,-0.0034,0.0162,FALSE,positive
lh_S_collat_transv_post,0.0056,0.8813,-0.0043,0.0156,FALSE,positive
lh_S_front_inf,0.0064,0.9109,-0.0033,0.0167,FALSE,positive
lh_S_front_middle,0.0054,0.8763,-0.0045,0.0153,FALSE,positive
lh_S_front_sup,0.0055,0.8803,-0.0042,0.0156,FALSE,positive
lh_S_interm_prim-Jensen,0.0058,0.8915,-0.004,0.0155,FALSE,positive
lh_S_intrapariet_and_P_trans,0.0057,0.8879,-0.004,0.0156,FALSE,positive
lh_S_oc_middle_and_Lunatus,0.0053,0.868,-0.0047,0.0152,FALSE,positive
lh_S_oc_sup_and_transversal,0.0059,0.8911,-0.0039,0.016,FALSE,positive
lh_S_oc-temp_lat,0.0058,0.8906,-0.004,0.0157,FALSE,positive
lh_S_oc-temp_med_and_Lingual,0.0066,0.9107,-0.0033,0.0173,FALSE,positive
lh_S_occipital_ant,0.0057,0.8873,-0.0039,0.0158,FALSE,positive
lh_S_orbital_lateral,0.0054,0.877,-0.0046,0.0152,FALSE,positive
lh_S_orbital_med-olfact,0.0065,0.9054,-0.0036,0.0173,FALSE,positive
lh_S_orbital-H_Shaped,0.0062,0.9039,-0.0037,0.0164,FALSE,positive
lh_S_parieto_occipital,0.0055,0.8812,-0.0045,0.0154,FALSE,positive
lh_S_pericallosal,0.0059,0.8955,-0.0039,0.0156,FALSE,positive
lh_S_postcentral,0.0062,0.9086,-0.0033,0.0165,FALSE,positive
lh_S_precentral-inf-part,0.0067,0.911,-0.0034,0.0176,FALSE,positive
lh_S_precentral-sup-part,0.006,0.8992,-0.0035,0.0159,FALSE,positive
lh_S_suborbital,0.0056,0.8842,-0.0043,0.0155,FALSE,positive
lh_S_subparietal,0.0055,0.8788,-0.0044,0.0153,FALSE,positive
lh_S_temporal_inf,0.0059,0.8951,-0.0037,0.0158,FALSE,positive
lh_S_temporal_sup,0.0058,0.8931,-0.0039,0.0157,FALSE,positive
lh_S_temporal_transverse,0.0067,0.9058,-0.0037,0.0182,FALSE,positive
rh_G_and_S_cingul-Ant,0.0056,0.8804,-0.0044,0.0155,FALSE,positive
rh_G_and_S_cingul-Mid-Ant,0.0059,0.8949,-0.0038,0.0157,FALSE,positive
rh_G_and_S_cingul-Mid-Post,0.0057,0.8895,-0.0042,0.0156,FALSE,positive
rh_G_and_S_frontomargin,0.0057,0.8878,-0.0039,0.0157,FALSE,positive
rh_G_and_S_occipital_inf,0.0054,0.8698,-0.0048,0.0153,FALSE,positive
rh_G_and_S_paracentral,0.0053,0.8666,-0.005,0.015,FALSE,positive
rh_G_and_S_subcentral,0.0076,0.9052,-0.0043,0.022,FALSE,positive
rh_G_and_S_transv_frontopol,0.0059,0.8952,-0.0039,0.0159,FALSE,positive
rh_G_cingul-Post-dorsal,0.0058,0.8943,-0.0039,0.0157,FALSE,positive
rh_G_cingul-Post-ventral,0.0057,0.8876,-0.0043,0.0156,FALSE,positive
rh_G_cuneus,0.0055,0.8749,-0.0044,0.0155,FALSE,positive
rh_G_front_inf-Opercular,0.0063,0.905,-0.0035,0.0166,FALSE,positive
rh_G_front_inf-Orbital,0.0058,0.8948,-0.0038,0.0159,FALSE,positive
rh_G_front_inf-Triangul,0.0057,0.8902,-0.0041,0.0155,FALSE,positive
rh_G_front_middle,0.0056,0.886,-0.0043,0.0155,FALSE,positive
rh_G_front_sup,0.0056,0.8808,-0.0044,0.0155,FALSE,positive
rh_G_Ins_lg_and_S_cent_ins,0.0058,0.8957,-0.0038,0.0157,FALSE,positive
rh_G_insular_short,0.0058,0.8902,-0.004,0.0157,FALSE,positive
rh_G_oc-temp_lat-fusifor,0.0058,0.8933,-0.004,0.0157,FALSE,positive
rh_G_oc-temp_med-Lingual,0.0052,0.8658,-0.0048,0.0149,FALSE,positive
rh_G_oc-temp_med-Parahip,0.0059,0.8963,-0.0039,0.0159,FALSE,positive
rh_G_occipital_middle,0.0053,0.869,-0.0049,0.015,FALSE,positive
rh_G_occipital_sup,0.0054,0.8686,-0.0049,0.0154,FALSE,positive
rh_G_orbital,0.0069,0.9114,-0.0035,0.0187,FALSE,positive
rh_G_pariet_inf-Angular,0.0059,0.8988,-0.0037,0.0158,FALSE,positive
rh_G_pariet_inf-Supramar,0.0073,0.9095,-0.0039,0.0211,FALSE,positive
rh_G_parietal_sup,0.0055,0.8755,-0.0046,0.0155,FALSE,positive
rh_G_postcentral,0.0073,0.9085,-0.0038,0.0203,FALSE,positive
rh_G_precentral,0.0061,0.9028,-0.0036,0.0161,FALSE,positive
rh_G_precuneus,0.0056,0.8802,-0.0045,0.0155,FALSE,positive
rh_G_rectus,0.006,0.899,-0.0038,0.0161,FALSE,positive
rh_G_subcallosal,0.0057,0.8861,-0.0041,0.0156,FALSE,positive
rh_G_temp_sup-G_T_transv,0.0083,0.8912,-0.0054,0.0259,FALSE,positive
rh_G_temp_sup-Lateral,0.0067,0.9049,-0.0038,0.0185,FALSE,positive
rh_G_temp_sup-Plan_polar,0.0061,0.9064,-0.0034,0.0162,FALSE,positive
rh_G_temp_sup-Plan_tempo,0.0076,0.9117,-0.0037,0.0215,FALSE,positive
rh_G_temporal_inf,0.0064,0.9093,-0.0033,0.0168,FALSE,positive
rh_G_temporal_middle,0.0061,0.8996,-0.0038,0.0161,FALSE,positive
rh_Lat_Fis-ant-Horizont,0.006,0.9001,-0.0036,0.0159,FALSE,positive
rh_Lat_Fis-ant-Vertical,0.0063,0.9051,-0.0034,0.0166,FALSE,positive
rh_Lat_Fis-post,0.0063,0.9072,-0.0034,0.0164,FALSE,positive
rh_Pole_occipital,0.0053,0.871,-0.0047,0.0152,FALSE,positive
rh_Pole_temporal,0.0059,0.8948,-0.0039,0.0159,FALSE,positive
rh_S_calcarine,0.0057,0.8915,-0.004,0.0157,FALSE,positive
rh_S_central,0.0062,0.9032,-0.0035,0.0164,FALSE,positive
rh_S_cingul-Marginalis,0.0054,0.8773,-0.0047,0.0152,FALSE,positive
rh_S_circular_insula_ant,0.0058,0.8928,-0.0039,0.0157,FALSE,positive
rh_S_circular_insula_inf,0.0063,0.9052,-0.0036,0.0167,FALSE,positive
rh_S_circular_insula_sup,0.0064,0.9042,-0.0036,0.0168,FALSE,positive
rh_S_collat_transv_ant,0.0059,0.8947,-0.0039,0.0158,FALSE,positive
rh_S_collat_transv_post,0.0053,0.8733,-0.0047,0.0152,FALSE,positive
rh_S_front_inf,0.0067,0.9091,-0.0035,0.0178,FALSE,positive
rh_S_front_middle,0.0057,0.889,-0.0042,0.0157,FALSE,positive
rh_S_front_sup,0.0056,0.8799,-0.0044,0.0153,FALSE,positive
rh_S_interm_prim-Jensen,0.0057,0.89,-0.0041,0.0158,FALSE,positive
rh_S_intrapariet_and_P_trans,0.0059,0.8978,-0.0036,0.0157,FALSE,positive
rh_S_oc_middle_and_Lunatus,0.0053,0.8693,-0.0049,0.0154,FALSE,positive
rh_S_oc_sup_and_transversal,0.0058,0.8925,-0.0039,0.0157,FALSE,positive
rh_S_oc-temp_lat,0.0062,0.9079,-0.0035,0.0163,FALSE,positive
rh_S_oc-temp_med_and_Lingual,0.0062,0.8995,-0.0038,0.0164,FALSE,positive
rh_S_occipital_ant,0.0058,0.89,-0.0039,0.0157,FALSE,positive
rh_S_orbital_lateral,0.0057,0.8872,-0.0042,0.0154,FALSE,positive
rh_S_orbital_med-olfact,0.007,0.9122,-0.0033,0.0189,FALSE,positive
rh_S_orbital-H_Shaped,0.0063,0.9062,-0.0035,0.0168,FALSE,positive
rh_S_parieto_occipital,0.0054,0.8759,-0.0044,0.0154,FALSE,positive
rh_S_pericallosal,0.0057,0.8879,-0.0041,0.0155,FALSE,positive
rh_S_postcentral,0.0062,0.9032,-0.0035,0.0164,FALSE,positive
rh_S_precentral-inf-part,0.0064,0.8997,-0.0038,0.017,FALSE,positive
rh_S_precentral-sup-part,0.006,0.9001,-0.0037,0.0159,FALSE,positive
rh_S_suborbital,0.0059,0.8948,-0.0038,0.0159,FALSE,positive
rh_S_subparietal,0.0058,0.8912,-0.0039,0.0157,FALSE,positive
rh_S_temporal_inf,0.0061,0.9007,-0.0036,0.0161,FALSE,positive
rh_S_temporal_sup,0.0061,0.9032,-0.0037,0.0162,FALSE,positive
rh_S_temporal_transverse,0.0086,0.8912,-0.0054,0.0275,FALSE,positive
